object name,library name,text,rodata,data,bss,code,flash,ram
hal_delay.c.obj,lib\libhal.a,112,0,0,0,112,112,0
portASM.S.obj,lib\libkernel.a,780,0,0,0,780,780,0
port.c.obj,lib\libkernel.a,260,8,0,16,268,268,16
hal_chip_armv7a.c.obj,lib\libhal.a,1542,0,8,1101,1542,1550,1109
osi_blue_screen.c.obj,lib\libkernel.a,404,0,0,149,404,404,149
osi_irq_gic.c.obj,lib\libkernel.a,1048,0,0,1896,1048,1048,1896
osi_profile.c.obj,lib\libkernel.a,540,0,0,49188,540,540,49188
audio_device.c.obj,lib\libaudio.a,17450,239,12,40370,17689,17701,40382
drv_spi_flash.c.obj,lib\libdriver.a,2598,0,136,8,2598,2734,144
drv_md_ipc.c.obj,lib\libdriver_core_V2.a,4722,9,0,28,4731,4731,28
hal_spi_flash.c.obj,lib\libhal.a,2472,25,0,8,2497,2497,8
hal_wdt.c.obj,lib\libhal.a,116,0,0,0,116,116,0
ps_osiapi.o,lib\modem_lte_lib.a,2704,30,0,25044,2734,2734,25044
epdc_wb_lte.o,lib\modem_lte_lib.a,15964,38,43,24658,16002,16045,24701
vsi_lib_amrwb_sym_file.o,lib\libvsi_amrwb.a,76476,26050,23072,0,102526,125598,23072
lib_a-abs.o,..\..\components\newlib\newlib-3.1.0\armca5\libc.a,8,0,0,0,8,8,0
lib_a-access.o,..\..\components\newlib\newlib-3.1.0\armca5\libc.a,44,0,0,0,44,44,0
lib_a-aeabi_memclr.o,..\..\components\newlib\newlib-3.1.0\armca5\libc.a,8,0,0,0,8,8,0
lib_a-aeabi_memcpy.o,..\..\components\newlib\newlib-3.1.0\armca5\libc.a,4,0,0,0,4,4,0
lib_a-aeabi_memmove-soft.o,..\..\components\newlib\newlib-3.1.0\armca5\libc.a,58,0,0,0,58,58,0
lib_a-aeabi_memset-soft.o,..\..\components\newlib\newlib-3.1.0\armca5\libc.a,154,0,0,0,154,154,0
lib_a-atof.o,..\..\components\newlib\newlib-3.1.0\armca5\libc.a,6,0,0,0,6,6,0
lib_a-atoi.o,..\..\components\newlib\newlib-3.1.0\armca5\libc.a,8,0,0,0,8,8,0
lib_a-atol.o,..\..\components\newlib\newlib-3.1.0\armca5\libc.a,8,0,0,0,8,8,0
lib_a-bsearch.o,..\..\components\newlib\newlib-3.1.0\armca5\libc.a,70,0,0,0,70,70,0
lib_a-ctype_.o,..\..\components\newlib\newlib-3.1.0\armca5\libc.a,0,257,0,0,257,257,0
lib_a-div.o,..\..\components\newlib\newlib-3.1.0\armca5\libc.a,48,0,0,0,48,48,0
lib_a-dtoa.o,..\..\components\newlib\newlib-3.1.0\armca5\libc.a,2934,13,0,0,2947,2947,0
lib_a-envlock.o,..\..\components\newlib\newlib-3.1.0\armca5\libc.a,24,0,0,0,24,24,0
lib_a-errno.o,..\..\components\newlib\newlib-3.1.0\armca5\libc.a,8,0,0,0,8,8,0
lib_a-fclose.o,..\..\components\newlib\newlib-3.1.0\armca5\libc.a,186,0,0,0,186,186,0
lib_a-fflush.o,..\..\components\newlib\newlib-3.1.0\armca5\libc.a,402,0,0,0,402,402,0
lib_a-findfp.o,..\..\components\newlib\newlib-3.1.0\armca5\libc.a,404,0,0,0,404,404,0
lib_a-flags.o,..\..\components\newlib\newlib-3.1.0\armca5\libc.a,108,0,0,0,108,108,0
lib_a-fopen.o,..\..\components\newlib\newlib-3.1.0\armca5\libc.a,190,0,0,0,190,190,0
lib_a-fputc.o,..\..\components\newlib\newlib-3.1.0\armca5\libc.a,92,0,0,0,92,92,0
lib_a-fputwc.o,..\..\components\newlib\newlib-3.1.0\armca5\libc.a,212,0,0,0,212,212,0
lib_a-fread.o,..\..\components\newlib\newlib-3.1.0\armca5\libc.a,242,0,0,0,242,242,0
lib_a-fseek.o,..\..\components\newlib\newlib-3.1.0\armca5\libc.a,30,0,0,0,30,30,0
lib_a-fseeko.o,..\..\components\newlib\newlib-3.1.0\armca5\libc.a,664,0,0,0,664,664,0
lib_a-ftell.o,..\..\components\newlib\newlib-3.1.0\armca5\libc.a,18,0,0,0,18,18,0
lib_a-ftello.o,..\..\components\newlib\newlib-3.1.0\armca5\libc.a,192,0,0,0,192,192,0
lib_a-fvwrite.o,..\..\components\newlib\newlib-3.1.0\armca5\libc.a,660,0,0,0,660,660,0
lib_a-fwalk.o,..\..\components\newlib\newlib-3.1.0\armca5\libc.a,124,0,0,0,124,124,0
lib_a-fwrite.o,..\..\components\newlib\newlib-3.1.0\armca5\libc.a,186,0,0,0,186,186,0
lib_a-gdtoa-gethex.o,..\..\components\newlib\newlib-3.1.0\armca5\libc.a,1316,0,0,0,1316,1316,0
lib_a-gdtoa-hexnan.o,..\..\components\newlib\newlib-3.1.0\armca5\libc.a,388,0,0,0,388,388,0
lib_a-getenv.o,..\..\components\newlib\newlib-3.1.0\armca5\libc.a,20,0,0,0,20,20,0
lib_a-getenv_r.o,..\..\components\newlib\newlib-3.1.0\armca5\libc.a,130,0,0,0,130,130,0
lib_a-getreent.o,..\..\components\newlib\newlib-3.1.0\armca5\libc.a,12,0,0,0,12,12,0
lib_a-gettzinfo.o,..\..\components\newlib\newlib-3.1.0\armca5\libc.a,8,0,88,0,8,96,88
lib_a-gmtime.o,..\..\components\newlib\newlib-3.1.0\armca5\libc.a,22,0,0,0,22,22,0
lib_a-gmtime_r.o,..\..\components\newlib\newlib-3.1.0\armca5\libc.a,412,0,0,0,412,412,0
lib_a-impure.o,..\..\components\newlib\newlib-3.1.0\armca5\libc.a,0,4,1068,0,4,1072,1068
lib_a-iswspace.o,..\..\components\newlib\newlib-3.1.0\armca5\libc.a,6,0,0,0,6,6,0
lib_a-iswspace_l.o,..\..\components\newlib\newlib-3.1.0\armca5\libc.a,20,0,0,0,20,20,0
lib_a-lnumeric.o,..\..\components\newlib\newlib-3.1.0\armca5\libc.a,0,15,2,0,15,17,2
lib_a-locale.o,..\..\components\newlib\newlib-3.1.0\armca5\libc.a,12,8,364,0,20,384,364
lib_a-localeconv.o,..\..\components\newlib\newlib-3.1.0\armca5\libc.a,8,0,0,0,8,8,0
lib_a-lock.o,..\..\components\newlib\newlib-3.1.0\armca5\libc.a,12,0,0,9,12,12,9
lib_a-makebuf.o,..\..\components\newlib\newlib-3.1.0\armca5\libc.a,210,0,0,0,210,210,0
lib_a-mbrtowc.o,..\..\components\newlib\newlib-3.1.0\armca5\libc.a,52,1,0,0,53,53,0
lib_a-mbstowcs.o,..\..\components\newlib\newlib-3.1.0\armca5\libc.a,28,0,0,0,28,28,0
lib_a-mbtowc_r.o,..\..\components\newlib\newlib-3.1.0\armca5\libc.a,36,0,0,0,36,36,0
lib_a-memchr.o,..\..\components\newlib\newlib-3.1.0\armca5\libc.a,232,0,0,0,232,232,0
lib_a-memcmp.o,..\..\components\newlib\newlib-3.1.0\armca5\libc.a,92,0,0,0,92,92,0
lib_a-memcpy-stub.o,..\..\components\newlib\newlib-3.1.0\armca5\libc.a,200,0,0,0,200,200,0
lib_a-memmove.o,..\..\components\newlib\newlib-3.1.0\armca5\libc.a,212,0,0,0,212,212,0
lib_a-memset.o,..\..\components\newlib\newlib-3.1.0\armca5\libc.a,168,0,0,0,168,168,0
lib_a-mktime.o,..\..\components\newlib\newlib-3.1.0\armca5\libc.a,1212,96,0,0,1308,1308,0
lib_a-month_lengths.o,..\..\components\newlib\newlib-3.1.0\armca5\libc.a,0,96,0,0,96,96,0
lib_a-mprec.o,..\..\components\newlib\newlib-3.1.0\armca5\libc.a,2090,252,0,0,2342,2342,0
lib_a-printf.o,..\..\components\newlib\newlib-3.1.0\armca5\libc.a,36,0,0,0,36,36,0
lib_a-putc.o,..\..\components\newlib\newlib-3.1.0\armca5\libc.a,104,0,0,0,104,104,0
lib_a-qsort.o,..\..\components\newlib\newlib-3.1.0\armca5\libc.a,808,0,0,0,808,808,0
lib_a-rand.o,..\..\components\newlib\newlib-3.1.0\armca5\libc.a,76,0,0,0,76,76,0
lib_a-reent.o,..\..\components\newlib\newlib-3.1.0\armca5\libc.a,146,0,0,0,146,146,0
lib_a-refill.o,..\..\components\newlib\newlib-3.1.0\armca5\libc.a,278,0,0,0,278,278,0
lib_a-s_frexp.o,..\..\components\newlib\newlib-3.1.0\armca5\libc.a,112,0,0,0,112,112,0
lib_a-s_nan.o,..\..\components\newlib\newlib-3.1.0\armca5\libc.a,16,0,0,0,16,16,0
lib_a-sccl.o,..\..\components\newlib\newlib-3.1.0\armca5\libc.a,116,0,0,0,116,116,0
lib_a-sf_nan.o,..\..\components\newlib\newlib-3.1.0\armca5\libc.a,12,0,0,0,12,12,0
lib_a-siscanf.o,..\..\components\newlib\newlib-3.1.0\armca5\libc.a,80,0,0,0,80,80,0
lib_a-snprintf.o,..\..\components\newlib\newlib-3.1.0\armca5\libc.a,102,0,0,0,102,102,0
lib_a-sprintf.o,..\..\components\newlib\newlib-3.1.0\armca5\libc.a,64,0,0,0,64,64,0
lib_a-sscanf.o,..\..\components\newlib\newlib-3.1.0\armca5\libc.a,80,0,0,0,80,80,0
lib_a-stdio.o,..\..\components\newlib\newlib-3.1.0\armca5\libc.a,140,0,0,0,140,140,0
lib_a-strcasecmp.o,..\..\components\newlib\newlib-3.1.0\armca5\libc.a,68,0,0,0,68,68,0
lib_a-strcat.o,..\..\components\newlib\newlib-3.1.0\armca5\libc.a,64,0,0,0,64,64,0
lib_a-strchr.o,..\..\components\newlib\newlib-3.1.0\armca5\libc.a,208,0,0,0,208,208,0
lib_a-strcmp.o,..\..\components\newlib\newlib-3.1.0\armca5\libc.a,732,0,0,0,732,732,0
lib_a-strcpy.o,..\..\components\newlib\newlib-3.1.0\armca5\libc.a,196,0,0,0,196,196,0
lib_a-strcspn.o,..\..\components\newlib\newlib-3.1.0\armca5\libc.a,48,0,0,0,48,48,0
lib_a-strdup.o,..\..\components\newlib\newlib-3.1.0\armca5\libc.a,20,0,0,0,20,20,0
lib_a-strdup_r.o,..\..\components\newlib\newlib-3.1.0\armca5\libc.a,36,0,0,0,36,36,0
lib_a-strerror.o,..\..\components\newlib\newlib-3.1.0\armca5\libc.a,1156,1792,0,0,2948,2948,0
lib_a-strlen.o,..\..\components\newlib\newlib-3.1.0\armca5\libc.a,220,0,0,0,220,220,0
lib_a-strncasecmp.o,..\..\components\newlib\newlib-3.1.0\armca5\libc.a,84,0,0,0,84,84,0
lib_a-strncat.o,..\..\components\newlib\newlib-3.1.0\armca5\libc.a,92,0,0,0,92,92,0
lib_a-strncmp.o,..\..\components\newlib\newlib-3.1.0\armca5\libc.a,132,0,0,0,132,132,0
lib_a-strncpy.o,..\..\components\newlib\newlib-3.1.0\armca5\libc.a,116,0,0,0,116,116,0
lib_a-strndup.o,..\..\components\newlib\newlib-3.1.0\armca5\libc.a,24,0,0,0,24,24,0
lib_a-strndup_r.o,..\..\components\newlib\newlib-3.1.0\armca5\libc.a,64,0,0,0,64,64,0
lib_a-strnlen.o,..\..\components\newlib\newlib-3.1.0\armca5\libc.a,44,0,0,0,44,44,0
lib_a-strpbrk.o,..\..\components\newlib\newlib-3.1.0\armca5\libc.a,56,0,0,0,56,56,0
lib_a-strrchr.o,..\..\components\newlib\newlib-3.1.0\armca5\libc.a,36,0,0,0,36,36,0
lib_a-strspn.o,..\..\components\newlib\newlib-3.1.0\armca5\libc.a,48,0,0,0,48,48,0
lib_a-strstr.o,..\..\components\newlib\newlib-3.1.0\armca5\libc.a,1092,0,0,0,1092,1092,0
lib_a-strtod.o,..\..\components\newlib\newlib-3.1.0\armca5\libc.a,3048,262,0,0,3310,3310,0
lib_a-strtok.o,..\..\components\newlib\newlib-3.1.0\armca5\libc.a,28,0,0,0,28,28,0
lib_a-strtok_r.o,..\..\components\newlib\newlib-3.1.0\armca5\libc.a,120,0,0,0,120,120,0
lib_a-strtol.o,..\..\components\newlib\newlib-3.1.0\armca5\libc.a,266,0,0,0,266,266,0
lib_a-strtoll.o,..\..\components\newlib\newlib-3.1.0\armca5\libc.a,330,0,0,0,330,330,0
lib_a-strtoul.o,..\..\components\newlib\newlib-3.1.0\armca5\libc.a,274,0,0,0,274,274,0
lib_a-strtoull.o,..\..\components\newlib\newlib-3.1.0\armca5\libc.a,338,0,0,0,338,338,0
lib_a-svfiprintf.o,..\..\components\newlib\newlib-3.1.0\armca5\libc.a,234,0,0,0,234,234,0
lib_a-svfiscanf.o,..\..\components\newlib\newlib-3.1.0\armca5\libc.a,4158,34,0,0,4192,4192,0
lib_a-svfprintf.o,..\..\components\newlib\newlib-3.1.0\armca5\libc.a,4884,78,0,0,4962,4962,0
lib_a-svfscanf.o,..\..\components\newlib\newlib-3.1.0\armca5\libc.a,4796,39,0,0,4835,4835,0
lib_a-time.o,..\..\components\newlib\newlib-3.1.0\armca5\libc.a,38,0,0,0,38,38,0
lib_a-tolower.o,..\..\components\newlib\newlib-3.1.0\armca5\libc.a,20,0,0,0,20,20,0
lib_a-tzcalc_limits.o,..\..\components\newlib\newlib-3.1.0\armca5\libc.a,340,0,0,0,340,340,0
lib_a-tzlock.o,..\..\components\newlib\newlib-3.1.0\armca5\libc.a,24,0,0,0,24,24,0
lib_a-tzset.o,..\..\components\newlib\newlib-3.1.0\armca5\libc.a,14,0,0,0,14,14,0
lib_a-tzset_r.o,..\..\components\newlib\newlib-3.1.0\armca5\libc.a,772,56,0,26,828,828,26
lib_a-tzvars.o,..\..\components\newlib\newlib-3.1.0\armca5\libc.a,0,4,8,8,4,12,16
lib_a-u_strerr.o,..\..\components\newlib\newlib-3.1.0\armca5\libc.a,4,0,0,0,4,4,0
lib_a-ungetc.o,..\..\components\newlib\newlib-3.1.0\armca5\libc.a,112,0,0,0,112,112,0
lib_a-vfiprintf.o,..\..\components\newlib\newlib-3.1.0\armca5\libc.a,104,0,0,0,104,104,0
lib_a-vfprintf.o,..\..\components\newlib\newlib-3.1.0\armca5\libc.a,5200,91,0,0,5291,5291,0
lib_a-vsnprintf.o,..\..\components\newlib\newlib-3.1.0\armca5\libc.a,118,0,0,0,118,118,0
lib_a-vsprintf.o,..\..\components\newlib\newlib-3.1.0\armca5\libc.a,70,0,0,0,70,70,0
lib_a-vsscanf.o,..\..\components\newlib\newlib-3.1.0\armca5\libc.a,98,0,0,0,98,98,0
lib_a-wbuf.o,..\..\components\newlib\newlib-3.1.0\armca5\libc.a,146,0,0,0,146,146,0
lib_a-wcrtomb.o,..\..\components\newlib\newlib-3.1.0\armca5\libc.a,44,0,0,0,44,44,0
lib_a-wctomb_r.o,..\..\components\newlib\newlib-3.1.0\armca5\libc.a,26,0,0,0,26,26,0
lib_a-wsetup.o,..\..\components\newlib\newlib-3.1.0\armca5\libc.a,170,0,0,0,170,170,0
lib_a-xpg_strerror_r.o,..\..\components\newlib\newlib-3.1.0\armca5\libc.a,96,0,0,0,96,96,0
ql_audio.c.obj,..\..\components\ql-kernel\libs\liboql_api_audio.a,10926,2389,52,164,13315,13367,216
ql_power.c.obj,..\..\components\ql-kernel\libs\liboql_api_power.a,4450,919,56,41,5369,5425,97
ql_hd_gnss.c.obj,..\..\components\ql-kernel\libs\liboql_hd_gnss.a,1526,379,8,0,1905,1913,8
quec_modem_interface.c.obj,..\..\components\ql-kernel\libs\libq_modem.a,520,109,0,0,629,629,0
ql_adc.c.obj,..\..\components\ql-kernel\libs\libql_api_adc.a,400,45,2,0,445,447,2
ql_api_camera.c.obj,..\..\components\ql-kernel\libs\libql_api_camera.a,2900,549,0,28,3449,3449,28
ql_log.c.obj,..\..\components\ql-kernel\libs\libql_api_common.a,682,114,1,113,796,797,114
ql_api_datacall.c.obj,..\..\components\ql-kernel\libs\libql_api_datacall.a,16060,3454,182,1666,19514,19696,1848
ql_api_dev.c.obj,..\..\components\ql-kernel\libs\libql_api_dev.a,2152,458,11,4,2610,2621,15
ql_api_fota.c.obj,..\..\components\ql-kernel\libs\libql_api_fota.a,3528,1059,2,0,4587,4589,2
ql_fs.c.obj,..\..\components\ql-kernel\libs\libql_api_fs.a,6900,970,0,4,7870,7870,4
ql_fs_handler.c.obj,..\..\components\ql-kernel\libs\libql_api_fs.a,3856,1038,200,20,4894,5094,220
ql_ftp_client.c.obj,..\..\components\ql-kernel\libs\libql_api_ftp.a,4238,286,4,0,4524,4528,4
ql_ftp_parse.c.obj,..\..\components\ql-kernel\libs\libql_api_ftp.a,3378,462,8,0,3840,3848,8
ql_gpio.c.obj,..\..\components\ql-kernel\libs\libql_api_gpio.a,3564,383,0,384,3947,3947,384
ql_http_client.c.obj,..\..\components\ql-kernel\libs\libql_api_http.a,2828,210,0,4,3038,3038,4
ql_i2c.c.obj,..\..\components\ql-kernel\libs\libql_api_i2c.a,1472,109,36,0,1581,1617,36
ql_keypad.c.obj,..\..\components\ql-kernel\libs\libql_api_keypad.a,456,100,36,0,556,592,36
ql_lcd.c.obj,..\..\components\ql-kernel\libs\libql_api_lcd.a,4880,325,5,14,5205,5210,19
ql_mqttclient.c.obj,..\..\components\ql-kernel\libs\libql_api_mqtt.a,3584,283,0,24,3867,3867,24
ql_nvitem.c.obj,..\..\components\ql-kernel\libs\libql_api_nvitem.a,1232,292,0,0,1524,1524,0
ql_api_nw.c.obj,..\..\components\ql-kernel\libs\libql_api_nw.a,24610,8379,307,2366,32989,33296,2673
ql_api_plmnlist.c.obj,..\..\components\ql-kernel\libs\libql_api_nw.a,268,363,288,0,631,919,288
ql_api_osi.c.obj,..\..\components\ql-kernel\libs\libql_api_osi.a,5066,344,8,36,5410,5418,44
quec_event.c.obj,..\..\components\ql-kernel\libs\libql_api_osi.a,2470,653,4,20,3123,3127,24
ql_led.c.obj,..\..\components\ql-kernel\libs\libql_api_pwm.a,164,0,0,5,164,164,5
ql_pwm.c.obj,..\..\components\ql-kernel\libs\libql_api_pwm.a,592,118,192,0,710,902,192
ql_api_rtc.c.obj,..\..\components\ql-kernel\libs\libql_api_rtc.a,1552,311,76,28,1863,1939,104
ql_api_sim.c.obj,..\..\components\ql-kernel\libs\libql_api_sim.a,7090,1381,74,24,8471,8545,98
ql_api_sms.c.obj,..\..\components\ql-kernel\libs\libql_api_sms.a,8514,897,8,24,9411,9419,32
ql_sms_utf.c.obj,..\..\components\ql-kernel\libs\libql_api_sms.a,1326,280,0,0,1606,1606,0
ql_api_spi.c.obj,..\..\components\ql-kernel\libs\libql_api_spi.a,3518,532,0,96,4050,4050,96
ql_api_spi6_ext_nor_flash.c.obj,..\..\components\ql-kernel\libs\libql_api_spi6_ext_nor_flash.a,108,16,0,0,124,124,0
ql_api_spi_flash.c.obj,..\..\components\ql-kernel\libs\libql_api_spi_flash.a,280,76,0,20,356,356,20
ql_api_spi_nand_flash.c.obj,..\..\components\ql-kernel\libs\libql_api_spi_nand_flash.a,1796,188,32,0,1984,2016,32
ql_api_spi_nor_flash.c.obj,..\..\components\ql-kernel\libs\libql_api_spi_nor_flash.a,2442,277,8,13,2719,2727,21
ql_uart.c.obj,..\..\components\ql-kernel\libs\libql_api_uart.a,5868,1415,96,276,7283,7379,372
ql_usb.c.obj,..\..\components\ql-kernel\libs\libql_api_usb.a,1292,407,60,37,1699,1759,97
quec_usb_audio.c.obj,..\..\components\ql-kernel\libs\libql_api_usb.a,722,127,0,28,849,849,28
ql_api_virt_at.c.obj,..\..\components\ql-kernel\libs\libql_api_virt_at.a,1332,256,0,44,1588,1588,44
ql_api_voice_call.c.obj,..\..\components\ql-kernel\libs\libql_api_voice_call.a,4666,207,80,0,4873,4953,80
ql_api_volte.c.obj,..\..\components\ql-kernel\libs\libql_api_volte.a,1692,370,24,6,2062,2086,30
ql_wifi_scan.c.obj,..\..\components\ql-kernel\libs\libql_api_wifiscan.a,3942,900,56,8,4842,4898,64
ql_ssl_ctx.c.obj,..\..\components\ql-kernel\libs\libql_apptcpip.a,1454,0,0,4992,1454,1454,4992
quec_at_app_init.c.obj,..\..\components\ql-kernel\libs\libql_at.a,8,0,0,0,8,8,0
quec_atcmd_general.c.obj,..\..\components\ql-kernel\libs\libql_at.a,9622,2416,373,20,12038,12411,393
quec_atcmd_hw.c.obj,..\..\components\ql-kernel\libs\libql_at.a,1236,218,0,0,1454,1454,0
quec_atcmd_network.c.obj,..\..\components\ql-kernel\libs\libql_at.a,22262,5126,120,2058,27388,27508,2178
quec_atcmd_qcfg.c.obj,..\..\components\ql-kernel\libs\libql_at.a,10180,3102,397,4,13282,13679,401
quec_atcmd_qdbgcfg.c.obj,..\..\components\ql-kernel\libs\libql_at.a,5022,1313,301,19,6335,6636,320
quec_atcmd_sim.c.obj,..\..\components\ql-kernel\libs\libql_at.a,3368,1126,24,56,4494,4518,80
quec_atcmd_spi6nor.c.obj,..\..\components\ql-kernel\libs\libql_at.a,152,37,0,0,189,189,0
quec_msg_process.c.obj,..\..\components\ql-kernel\libs\libql_at.a,516,138,0,8,654,654,8
quec_at_engine.c.obj,..\..\components\ql-kernel\libs\libql_at_table.a,168,17,0,0,185,185,0
quec_at_param.c.obj,..\..\components\ql-kernel\libs\libql_at_table.a,1908,1,0,0,1909,1909,0
quec_atc_adapter.c.obj,..\..\components\ql-kernel\libs\libql_at_table.a,80,0,0,0,80,80,0
quec_atc_parser.c.obj,..\..\components\ql-kernel\libs\libql_at_table.a,5728,6889,0,3804,12617,12617,3804
quec_atresp.c.obj,..\..\components\ql-kernel\libs\libql_at_table.a,1428,5038,0,16,6466,6466,16
quec_data_engine.c.obj,..\..\components\ql-kernel\libs\libql_at_table.a,96,15,0,4,111,111,4
audio_resample.c.obj,..\..\components\ql-kernel\libs\libql_aud_resample.a,1232,9216,0,0,10448,10448,0
quec_camera.c.obj,..\..\components\ql-kernel\libs\libql_bsp.a,480,61,9,1,541,550,10
quec_dispatch.c.obj,..\..\components\ql-kernel\libs\libql_bsp.a,2034,388,0,4,2422,2422,4
quec_led_task.c.obj,..\..\components\ql-kernel\libs\libql_bsp.a,356,89,8,4,445,453,12
base64.c.obj,..\..\components\ql-kernel\libs\libql_curl.a,552,89,0,0,641,641,0
conncache.c.obj,..\..\components\ql-kernel\libs\libql_curl.a,1436,182,0,0,1618,1618,0
connect.c.obj,..\..\components\ql-kernel\libs\libql_curl.a,3648,782,0,0,4430,4430,0
content_encoding.c.obj,..\..\components\ql-kernel\libs\libql_curl.a,4,0,0,0,4,4,0
curl_addrinfo.c.obj,..\..\components\ql-kernel\libs\libql_curl.a,730,0,0,0,730,730,0
curl_ctype.c.obj,..\..\components\ql-kernel\libs\libql_curl.a,208,128,0,0,336,336,0
curl_fnmatch.c.obj,..\..\components\ql-kernel\libs\libql_curl.a,1076,43,0,0,1119,1119,0
curl_path.c.obj,..\..\components\ql-kernel\libs\libql_curl.a,576,9,0,0,585,585,0
curl_range.c.obj,..\..\components\ql-kernel\libs\libql_curl.a,272,144,0,0,416,416,0
dotdot.c.obj,..\..\components\ql-kernel\libs\libql_curl.a,356,28,0,0,384,384,0
dynbuf.c.obj,..\..\components\ql-kernel\libs\libql_curl.a,540,0,0,0,540,540,0
easy.c.obj,..\..\components\ql-kernel\libs\libql_curl.a,690,147,20,4,837,857,24
escape.c.obj,..\..\components\ql-kernel\libs\libql_curl.a,286,0,0,0,286,286,0
fileinfo.c.obj,..\..\components\ql-kernel\libs\libql_curl.a,52,0,0,0,52,52,0
ftp.c.obj,..\..\components\ql-kernel\libs\libql_curl.a,12764,4069,0,0,16833,16833,0
ftplistparser.c.obj,..\..\components\ql-kernel\libs\libql_curl.a,2492,54,0,0,2546,2546,0
getenv.c.obj,..\..\components\ql-kernel\libs\libql_curl.a,32,0,0,0,32,32,0
getinfo.c.obj,..\..\components\ql-kernel\libs\libql_curl.a,1988,55,0,0,2043,2043,0
hash.c.obj,..\..\components\ql-kernel\libs\libql_curl.a,656,0,0,0,656,656,0
hostip.c.obj,..\..\components\ql-kernel\libs\libql_curl.a,1898,426,0,0,2324,2324,0
hostip6.c.obj,..\..\components\ql-kernel\libs\libql_curl.a,252,33,0,0,285,285,0
http_proxy.c.obj,..\..\components\ql-kernel\libs\libql_curl.a,2,0,0,0,2,2,0
if2ip.c.obj,..\..\components\ql-kernel\libs\libql_curl.a,138,0,0,0,138,138,0
inet_ntop.c.obj,..\..\components\ql-kernel\libs\libql_curl.a,464,24,0,0,488,488,0
inet_pton.c.obj,..\..\components\ql-kernel\libs\libql_curl.a,440,45,0,0,485,485,0
libssh2.c.obj,..\..\components\ql-kernel\libs\libql_curl.a,11466,5619,0,0,17085,17085,0
llist.c.obj,..\..\components\ql-kernel\libs\libql_curl.a,192,0,0,0,192,192,0
mbedtls.c.obj,..\..\components\ql-kernel\libs\libql_curl.a,3158,1466,0,0,4624,4624,0
mprintf.c.obj,..\..\components\ql-kernel\libs\libql_curl.a,3500,91,0,0,3591,3591,0
multi.c.obj,..\..\components\ql-kernel\libs\libql_curl.a,8562,1067,0,0,9629,9629,0
nonblock.c.obj,..\..\components\ql-kernel\libs\libql_curl.a,28,0,0,0,28,28,0
parsedate.c.obj,..\..\components\ql-kernel\libs\libql_curl.a,1110,1188,0,0,2298,2298,0
pingpong.c.obj,..\..\components\ql-kernel\libs\libql_curl.a,1338,239,0,0,1577,1577,0
progress.c.obj,..\..\components\ql-kernel\libs\libql_curl.a,1746,19,0,0,1765,1765,0
quectel_curl_io.c.obj,..\..\components\ql-kernel\libs\libql_curl.a,306,95,0,4,401,401,4
select.c.obj,..\..\components\ql-kernel\libs\libql_curl.a,872,0,0,0,872,872,0
sendf.c.obj,..\..\components\ql-kernel\libs\libql_curl.a,1280,183,0,0,1463,1463,0
setopt.c.obj,..\..\components\ql-kernel\libs\libql_curl.a,6780,1,0,0,6781,6781,0
share.c.obj,..\..\components\ql-kernel\libs\libql_curl.a,72,0,0,0,72,72,0
slist.c.obj,..\..\components\ql-kernel\libs\libql_curl.a,144,0,0,0,144,144,0
socketpair.c.obj,..\..\components\ql-kernel\libs\libql_curl.a,6,0,0,0,6,6,0
socks.c.obj,..\..\components\ql-kernel\libs\libql_curl.a,2926,2743,0,0,5669,5669,0
speedcheck.c.obj,..\..\components\ql-kernel\libs\libql_curl.a,188,77,0,0,265,265,0
splay.c.obj,..\..\components\ql-kernel\libs\libql_curl.a,624,32,0,0,656,656,0
strcase.c.obj,..\..\components\ql-kernel\libs\libql_curl.a,166,0,0,0,166,166,0
strdup.c.obj,..\..\components\ql-kernel\libs\libql_curl.a,44,0,0,0,44,44,0
strerror.c.obj,..\..\components\ql-kernel\libs\libql_curl.a,152,3742,0,0,3894,3894,0
strtoofft.c.obj,..\..\components\ql-kernel\libs\libql_curl.a,112,0,0,0,112,112,0
timeval.c.obj,..\..\components\ql-kernel\libs\libql_curl.a,254,0,0,0,254,254,0
transfer.c.obj,..\..\components\ql-kernel\libs\libql_curl.a,4126,1067,0,0,5193,5193,0
url.c.obj,..\..\components\ql-kernel\libs\libql_curl.a,10814,1730,0,0,12544,12544,0
urlapi.c.obj,..\..\components\ql-kernel\libs\libql_curl.a,4722,259,0,0,4981,4981,0
vtls.c.obj,..\..\components\ql-kernel\libs\libql_curl.a,3546,384,12,209,3930,3942,221
warnless.c.obj,..\..\components\ql-kernel\libs\libql_curl.a,102,0,0,0,102,102,0
wildcard.c.obj,..\..\components\ql-kernel\libs\libql_curl.a,102,0,0,0,102,102,0
ql_ext_codec.c.obj,..\..\components\ql-kernel\libs\libql_ext_codec.a,356,70,0,16,426,426,16
quec_sfs_file.c.obj,..\..\components\ql-kernel\libs\libql_file.a,5422,587,16,0,6009,6025,16
quec_vfs_file.c.obj,..\..\components\ql-kernel\libs\libql_file.a,448,97,0,0,545,545,0
quec_ftp_client_c.c.obj,..\..\components\ql-kernel\libs\libql_ftp.a,13684,1920,0,0,15604,15604,0
quec_hd_gnss_handle.c.obj,..\..\components\ql-kernel\libs\libql_hd_gnss_aux.a,8558,4920,300,1016,13478,13778,1316
quec_http_client.c.obj,..\..\components\ql-kernel\libs\libql_http.a,19000,2617,105,13,21617,21722,118
ql_lbs_client.c.obj,..\..\components\ql-kernel\libs\libql_lbs.a,6094,653,0,16,6747,6747,16
mqtt_packet.c.obj,..\..\components\ql-kernel\libs\libql_mqtt.a,2368,276,0,0,2644,2644,0
ql_mqtt_client.c.obj,..\..\components\ql-kernel\libs\libql_mqtt.a,11298,794,0,16,12092,12092,16
quec_onenet_token.c.obj,..\..\components\ql-kernel\libs\libql_mqtt.a,1216,414,0,0,1630,1630,0
ql_socket.c.obj,..\..\components\ql-kernel\libs\libql_net.a,5342,854,0,94,6196,6196,94
ql_ssl.c.obj,..\..\components\ql-kernel\libs\libql_net.a,6338,893,0,32,7231,7231,32
ql_ntp_client.c.obj,..\..\components\ql-kernel\libs\libql_ntp.a,4176,710,0,16,4886,4886,16
ql_ping_app.c.obj,..\..\components\ql-kernel\libs\libql_ping.a,3608,668,0,12,4276,4276,12
quec_power_mg.c.obj,..\..\components\ql-kernel\libs\libql_power.a,3342,941,220,70,4283,4503,290
ber_tlv_length.c.obj,..\..\components\ql-kernel\libs\libql_tlv.a,192,0,0,0,192,192,0
ber_tlv_tag.c.obj,..\..\components\ql-kernel\libs\libql_tlv.a,220,0,0,0,220,220,0
quec_linklist.c.obj,..\..\components\ql-kernel\libs\libql_urc.a,2088,0,0,0,2088,2088,0
quec_urc.c.obj,..\..\components\ql-kernel\libs\libql_urc.a,4,0,0,2,4,4,2
base64.c.obj,..\..\components\ql-kernel\libs\libql_utils.a,188,65,0,0,253,253,0
data_conversion.c.obj,..\..\components\ql-kernel\libs\libql_utils.a,402,30,0,0,432,432,0
quec_aes.c.obj,..\..\components\ql-kernel\libs\libql_utils.a,228,148,0,0,376,376,0
quec_md5.c.obj,..\..\components\ql-kernel\libs\libql_utils.a,2130,64,0,0,2194,2194,0
quec_sha1.c.obj,..\..\components\ql-kernel\libs\libql_utils.a,246,0,0,0,246,246,0
quec_utf8.c.obj,..\..\components\ql-kernel\libs\libql_utils.a,152,0,108,0,152,260,108
quec_init.c.obj,..\..\components\ql-kernel\libs\libquectel.a,460,183,4,4,643,647,8
quec_ver.c.obj,..\..\components\ql-kernel\libs\libquectel.a,0,34,0,0,34,34,0
_aeabi_ldivmod.o,..\..\prebuilts\win32\gcc-arm-none-eabi\gcc-arm-none-eabi-9.2.1\lib\gcc\arm-none-eabi\9.2.1\thumb\v7+fp\hard\libgcc.a,160,0,0,0,160,160,0
_aeabi_uldivmod.o,..\..\prebuilts\win32\gcc-arm-none-eabi\gcc-arm-none-eabi-9.2.1\lib\gcc\arm-none-eabi\9.2.1\thumb\v7+fp\hard\libgcc.a,48,0,0,0,48,48,0
_arm_addsubdf3.o,..\..\prebuilts\win32\gcc-arm-none-eabi\gcc-arm-none-eabi-9.2.1\lib\gcc\arm-none-eabi\9.2.1\thumb\v7+fp\hard\libgcc.a,888,0,0,0,888,888,0
_ashrdi3.o,..\..\prebuilts\win32\gcc-arm-none-eabi\gcc-arm-none-eabi-9.2.1\lib\gcc\arm-none-eabi\9.2.1\thumb\v7+fp\hard\libgcc.a,28,0,0,0,28,28,0
_divsi3.o,..\..\prebuilts\win32\gcc-arm-none-eabi\gcc-arm-none-eabi-9.2.1\lib\gcc\arm-none-eabi\9.2.1\thumb\v7+fp\hard\libgcc.a,688,0,0,0,688,688,0
_dvmd_tls.o,..\..\prebuilts\win32\gcc-arm-none-eabi\gcc-arm-none-eabi-9.2.1\lib\gcc\arm-none-eabi\9.2.1\thumb\v7+fp\hard\libgcc.a,4,0,0,0,4,4,0
_fixdfdi.o,..\..\prebuilts\win32\gcc-arm-none-eabi\gcc-arm-none-eabi-9.2.1\lib\gcc\arm-none-eabi\9.2.1\thumb\v7+fp\hard\libgcc.a,48,0,0,0,48,48,0
_fixunsdfdi.o,..\..\prebuilts\win32\gcc-arm-none-eabi\gcc-arm-none-eabi-9.2.1\lib\gcc\arm-none-eabi\9.2.1\thumb\v7+fp\hard\libgcc.a,64,0,0,0,64,64,0
_udivmoddi4.o,..\..\prebuilts\win32\gcc-arm-none-eabi\gcc-arm-none-eabi-9.2.1\lib\gcc\arm-none-eabi\9.2.1\thumb\v7+fp\hard\libgcc.a,284,0,0,0,284,284,0
_udivsi3.o,..\..\prebuilts\win32\gcc-arm-none-eabi\gcc-arm-none-eabi-9.2.1\lib\gcc\arm-none-eabi\9.2.1\thumb\v7+fp\hard\libgcc.a,632,0,0,0,632,632,0
modem_lte_init.c.obj,components\modem_lte\libmodem_lte.a,1264,157,0,96,1421,1421,96
CVS_AEC.o,lib\cvs.a,2366,0,0,0,2366,2366,0
CVS_CTC.o,lib\cvs.a,10876,0,0,0,10876,10876,0
CVS_dual_enhance.o,lib\cvs.a,3852,0,0,0,3852,3852,0
CVS_enhance.o,lib\cvs.a,1228,0,0,0,1228,1228,0
CVS_ERWDAF.o,lib\cvs.a,340,0,0,0,340,340,0
CVS_fft.o,lib\cvs.a,2588,0,0,0,2588,2588,0
CVS_frame.o,lib\cvs.a,4354,0,0,0,4354,4354,0
CVS_howl.o,lib\cvs.a,556,0,0,0,556,556,0
CVS_init.o,lib\cvs.a,7332,0,0,44,7332,7332,44
CVS_log2.o,lib\cvs.a,484,0,196,0,484,680,196
CVS_mono_enhance.o,lib\cvs.a,7140,0,0,0,7140,7140,0
CVS_vad.o,lib\cvs.a,1396,0,0,0,1396,1396,0
CVS_win.o,lib\cvs.a,1924,0,0,0,1924,1924,0
CVS_enhance_recd.o,lib\cvsrecd.a,332,0,0,0,332,332,0
CVS_fft_recd.o,lib\cvsrecd.a,568,0,0,0,568,568,0
CVS_frame_recd.o,lib\cvsrecd.a,320,0,0,0,320,320,0
CVS_init_recd.o,lib\cvsrecd.a,3056,0,4,40,3056,3060,44
CVS_log2_recd.o,lib\cvsrecd.a,484,0,196,0,484,680,196
CVS_mono_enhance_recd.o,lib\cvsrecd.a,2264,0,0,0,2264,2264,0
CVS_vad_recd.o,lib\cvsrecd.a,176,0,0,0,176,176,0
CVS_win_recd.o,lib\cvsrecd.a,1416,0,0,0,1416,1416,0
app_loader.c.obj,lib\libapploader.a,1784,309,0,16,2093,2093,16
core_export.o,lib\libapploader.a,132,6592,4,0,6724,6728,4
app_start_8850.c.obj,libappstart.a,1950,303,0,9,2253,2253,9
at_cmd_cfg.c.obj,lib\libatr.a,1292,56,0,9768,1348,1348,9768
at_cmd_cfg_default.c.obj,lib\libatr.a,0,4884,0,0,4884,4884,0
at_device.c.obj,lib\libatr.a,114,0,0,0,114,114,0
at_device_diag.c.obj,lib\libatr.a,340,0,0,0,340,340,0
at_device_uart.c.obj,lib\libatr.a,2308,59,0,0,2367,2367,0
at_device_userial.c.obj,lib\libatr.a,768,31,0,0,799,799,0
at_engine.c.obj,lib\libatr.a,1640,27,0,20,1667,1667,20
at_response.c.obj,lib\libatr.a,164,0,0,0,164,164,0
at_setting.pb.c.obj,lib\libatr.a,0,1450,0,0,1450,1450,0
at_setting_codec.c.obj,lib\libatr.a,3976,0,0,0,3976,3976,0
at_cfw.c.obj,lib\libats.a,4928,1237,6,6979,6165,6171,6985
at_cmd_audio.c.obj,lib\libats.a,4576,198,8,68,4774,4782,76
at_cmd_battery.c.obj,lib\libats.a,306,137,2,0,443,445,2
at_cmd_cc.c.obj,lib\libats.a,11480,914,0,2285,12394,12394,2285
at_cmd_debug.c.obj,lib\libats.a,264,25,0,1,289,289,1
at_cmd_efuse.c.obj,lib\libats.a,12,0,1,0,12,13,1
at_cmd_gc.c.obj,lib\libats.a,4842,915,0,0,5757,5757,0
at_cmd_gprs.c.obj,lib\libats.a,16934,2755,1,272,19689,19690,273
at_cmd_id.c.obj,lib\libats.a,544,27,0,0,571,571,0
at_cmd_iperf.c.obj,lib\libats.a,3408,404,0,272,3812,3812,272
at_cmd_lwm2m_cus.c.obj,lib\libats.a,2,0,0,0,2,2,0
at_cmd_netif.c.obj,lib\libats.a,652,296,0,0,948,948,0
at_cmd_nv.c.obj,lib\libats.a,1116,46,0,0,1162,1162,0
at_cmd_nw.c.obj,lib\libats.a,17074,1929,13,67,19003,19016,80
at_cmd_pbk.c.obj,lib\libats.a,908,19,0,0,927,927,0
at_cmd_sat.c.obj,lib\libats.a,14800,779,9,738,15579,15588,747
at_cmd_sim.c.obj,lib\libats.a,10528,1066,0,185,11594,11594,185
at_cmd_sms.c.obj,lib\libats.a,7698,760,74,171,8458,8532,245
at_cmd_ss.c.obj,lib\libats.a,5990,321,65,1,6311,6376,66
at_cmd_sysnv.c.obj,lib\libats.a,392,1302,0,0,1694,1694,0
at_cmd_vsim.c.obj,lib\libats.a,544,38,0,32,582,582,32
at_cmd_wifi.c.obj,lib\libats.a,862,226,0,0,1088,1088,0
at_ss_api.c.obj,lib\libats.a,118,0,0,0,118,118,0
aud_enha_exp.c.obj,lib\libaudio.a,828,0,0,16,828,828,16
audio_device.pb.c.obj,lib\libaudio.a,0,110,0,0,110,110,0
audio_driver.c.obj,lib\libaudio.a,2020,227,20,1064,2247,2267,1084
audio_nv_arm.c.obj,lib\libaudio.a,1604,0,0,9,1604,1604,9
audio_reader.c.obj,lib\libaudio.a,678,0,0,0,678,678,0
audio_types.c.obj,lib\libaudio.a,260,108,0,0,368,368,0
audio_writer.c.obj,lib\libaudio.a,146,0,0,0,146,146,0
codec_param_nv.c.obj,lib\libaudio.a,780,0,324,4,780,1104,328
cvs_ctrl_param_nv.c.obj,lib\libaudio.a,868,0,260,4,868,1128,264
hal_aif.c.obj,lib\libaudio.a,2980,54,8,19,3034,3042,27
a_refl.cpp.obj,lib\libaudio_core.a,408,0,0,0,408,408,0
add.cpp.obj,lib\libaudio_core.a,40,0,0,0,40,40,0
agc.cpp.obj,lib\libaudio_core.a,696,0,0,0,696,696,0
agc2_amr_wb.cpp.obj,lib\libaudio_core.a,380,0,0,0,380,380,0
amrdecode.cpp.obj,lib\libaudio_core.a,204,0,0,0,204,204,0
amrencode.cpp.obj,lib\libaudio_core.a,374,8,0,0,382,382,0
audio_decoder_amrnb.c.obj,lib\libaudio_core.a,814,22,0,0,836,836,0
audio_decoder_amrwb.c.obj,lib\libaudio_core.a,810,25,0,0,835,835,0
audio_decoder_mp3.c.obj,lib\libaudio_core.a,11842,7887,0,0,19729,19729,0
audio_decoder_pcm.c.obj,lib\libaudio_core.a,566,0,0,0,566,566,0
audio_decoder_wav.c.obj,lib\libaudio_core.a,790,0,0,0,790,790,0
audio_encoder_amrnb.c.obj,lib\libaudio_core.a,460,0,0,0,460,460,0
audio_encoder_amrwb.c.obj,lib\libaudio_core.a,468,0,0,0,468,468,0
audio_encoder_pcm.c.obj,lib\libaudio_core.a,152,0,0,0,152,152,0
audio_encoder_wav.c.obj,lib\libaudio_core.a,616,0,0,0,616,616,0
audio_player.c.obj,lib\libaudio_core.a,2544,19,0,4,2563,2563,4
audio_recorder.c.obj,lib\libaudio_core.a,694,8,0,0,702,702,0
audio_resample.c.obj,lib\libaudio_core.a,508,0,0,0,508,508,0
audio_tonegen.c.obj,lib\libaudio_core.a,514,36,0,0,550,550,0
autocorr.c.obj,lib\libaudio_core.a,466,768,0,0,1234,1234,0
autocorr.cpp.obj,lib\libaudio_core.a,384,0,0,0,384,384,0
az_isp.c.obj,lib\libaudio_core.a,694,202,0,0,896,896,0
az_lsp.cpp.obj,lib\libaudio_core.a,504,0,0,0,504,504,0
b_cn_cod.cpp.obj,lib\libaudio_core.a,252,0,0,0,252,252,0
band_pass_6k_7k.cpp.obj,lib\libaudio_core.a,408,60,0,0,468,468,0
bgnscd.cpp.obj,lib\libaudio_core.a,388,0,0,0,388,388,0
bitno_tab.cpp.obj,lib\libaudio_core.a,0,488,0,0,488,488,0
bitreorder_tab.cpp.obj,lib\libaudio_core.a,0,2534,0,0,2534,2534,0
bits.c.obj,lib\libaudio_core.a,476,5994,0,0,6470,6470,0
c1035pf.cpp.obj,lib\libaudio_core.a,676,0,0,0,676,676,0
c2_11pf.cpp.obj,lib\libaudio_core.a,860,12,0,0,872,872,0
c2_9pf.cpp.obj,lib\libaudio_core.a,874,40,0,0,914,914,0
c2_9pf_tab.cpp.obj,lib\libaudio_core.a,0,32,0,0,32,32,0
c2t64fx.c.obj,lib\libaudio_core.a,958,0,0,0,958,958,0
c3_14pf.cpp.obj,lib\libaudio_core.a,1060,0,0,0,1060,1060,0
c4_17pf.cpp.obj,lib\libaudio_core.a,1198,0,0,0,1198,1198,0
c4t64fx.c.obj,lib\libaudio_core.a,3716,72,0,0,3788,3788,0
c8_31pf.cpp.obj,lib\libaudio_core.a,774,0,0,0,774,774,0
c_g_aver.cpp.obj,lib\libaudio_core.a,750,0,0,0,750,750,0
calc_cor.cpp.obj,lib\libaudio_core.a,194,0,0,0,194,194,0
calc_en.cpp.obj,lib\libaudio_core.a,1040,0,0,0,1040,1040,0
cbsearch.cpp.obj,lib\libaudio_core.a,562,0,0,0,562,562,0
cl_ltp.cpp.obj,lib\libaudio_core.a,450,0,0,0,450,450,0
cmnMemory.c.obj,lib\libaudio_core.a,76,0,0,0,76,76,0
cod_amr.cpp.obj,lib\libaudio_core.a,2420,60,0,0,2480,2480,0
convolve.cpp.obj,lib\libaudio_core.a,172,0,0,0,172,172,0
convolve_neon.s.obj,lib\libaudio_core.a,456,0,0,0,456,456,0
cor_h.cpp.obj,lib\libaudio_core.a,436,0,0,0,436,436,0
cor_h_vec_neon.s.obj,lib\libaudio_core.a,356,0,0,0,356,356,0
cor_h_x.c.obj,lib\libaudio_core.a,434,0,0,0,434,434,0
cor_h_x.cpp.obj,lib\libaudio_core.a,312,0,0,0,312,312,0
cor_h_x2.cpp.obj,lib\libaudio_core.a,200,0,0,0,200,200,0
corrwght_tab.cpp.obj,lib\libaudio_core.a,0,502,0,0,502,502,0
d1035pf.cpp.obj,lib\libaudio_core.a,116,0,0,0,116,116,0
d2_11pf.cpp.obj,lib\libaudio_core.a,98,0,0,0,98,98,0
d2_9pf.cpp.obj,lib\libaudio_core.a,118,0,0,0,118,118,0
d3_14pf.cpp.obj,lib\libaudio_core.a,114,0,0,0,114,114,0
d4_17pf.cpp.obj,lib\libaudio_core.a,134,0,0,0,134,134,0
d8_31pf.cpp.obj,lib\libaudio_core.a,422,0,0,0,422,422,0
d_gain_c.cpp.obj,lib\libaudio_core.a,274,0,0,0,274,274,0
d_gain_p.cpp.obj,lib\libaudio_core.a,16,0,0,0,16,16,0
d_plsf.cpp.obj,lib\libaudio_core.a,36,0,0,0,36,36,0
d_plsf_3.cpp.obj,lib\libaudio_core.a,600,0,0,0,600,600,0
d_plsf_5.cpp.obj,lib\libaudio_core.a,618,0,0,0,618,618,0
dec_acelp_2p_in_64.cpp.obj,lib\libaudio_core.a,68,0,0,0,68,68,0
dec_acelp_4p_in_64.cpp.obj,lib\libaudio_core.a,554,0,0,0,554,554,0
dec_alg_codebook.cpp.obj,lib\libaudio_core.a,964,0,0,0,964,964,0
dec_amr.cpp.obj,lib\libaudio_core.a,3216,0,0,0,3216,3216,0
dec_gain.cpp.obj,lib\libaudio_core.a,436,0,0,0,436,436,0
dec_gain2_amr_wb.cpp.obj,lib\libaudio_core.a,882,56,0,0,938,938,0
dec_input_format_tab.cpp.obj,lib\libaudio_core.a,0,64,0,0,64,64,0
dec_lag3.cpp.obj,lib\libaudio_core.a,192,0,0,0,192,192,0
dec_lag6.cpp.obj,lib\libaudio_core.a,112,0,0,0,112,112,0
decim54.c.obj,lib\libaudio_core.a,526,240,0,0,766,766,0
deemph.c.obj,lib\libaudio_core.a,78,0,0,0,78,78,0
Deemph_32_neon.s.obj,lib\libaudio_core.a,224,0,0,0,224,224,0
deemphasis_32.cpp.obj,lib\libaudio_core.a,224,0,0,0,224,224,0
div_32.cpp.obj,lib\libaudio_core.a,240,0,0,0,240,240,0
div_s.cpp.obj,lib\libaudio_core.a,88,0,0,0,88,88,0
Dot_p_neon.s.obj,lib\libaudio_core.a,308,0,0,0,308,308,0
dtx.c.obj,lib\libaudio_core.a,1974,18,0,0,1992,1992,0
dtx_dec.cpp.obj,lib\libaudio_core.a,2598,38,0,0,2636,2636,0
dtx_decoder_amr_wb.cpp.obj,lib\libaudio_core.a,1754,0,0,0,1754,1754,0
dtx_enc.cpp.obj,lib\libaudio_core.a,780,0,0,0,780,780,0
ec_gains.cpp.obj,lib\libaudio_core.a,410,28,0,0,438,438,0
enc_lag3.cpp.obj,lib\libaudio_core.a,148,0,0,0,148,148,0
enc_lag6.cpp.obj,lib\libaudio_core.a,40,0,0,0,40,40,0
enc_output_format_tab.cpp.obj,lib\libaudio_core.a,0,64,0,0,64,64,0
ets_to_if2.cpp.obj,lib\libaudio_core.a,598,0,0,0,598,598,0
ets_to_wmf.cpp.obj,lib\libaudio_core.a,876,0,0,0,876,876,0
ex_ctrl.cpp.obj,lib\libaudio_core.a,308,0,0,0,308,308,0
Filt_6k_7k_neon.s.obj,lib\libaudio_core.a,640,0,0,0,640,640,0
g_adapt.cpp.obj,lib\libaudio_core.a,292,0,0,0,292,292,0
g_code.cpp.obj,lib\libaudio_core.a,236,0,0,0,236,236,0
g_pitch.c.obj,lib\libaudio_core.a,200,0,0,0,200,200,0
g_pitch.cpp.obj,lib\libaudio_core.a,460,0,0,0,460,460,0
gain_q.cpp.obj,lib\libaudio_core.a,938,0,0,0,938,938,0
gains_tbl.cpp.obj,lib\libaudio_core.a,0,230,0,0,230,230,0
gc_pred.cpp.obj,lib\libaudio_core.a,726,16,0,0,742,742,0
get_amr_wb_bits.cpp.obj,lib\libaudio_core.a,104,0,0,0,104,104,0
get_const_tbls.cpp.obj,lib\libaudio_core.a,280,0,0,0,280,280,0
gmed_n.cpp.obj,lib\libaudio_core.a,120,0,0,0,120,120,0
gpclip.c.obj,lib\libaudio_core.a,156,0,0,0,156,156,0
gray_tbl.cpp.obj,lib\libaudio_core.a,0,32,0,0,32,32,0
grid_tbl.cpp.obj,lib\libaudio_core.a,0,122,0,0,122,122,0
highpass_400hz_at_12k8.cpp.obj,lib\libaudio_core.a,160,0,0,0,160,160,0
highpass_50hz_at_12k8.cpp.obj,lib\libaudio_core.a,188,0,0,0,188,188,0
homing.c.obj,lib\libaudio_core.a,28,0,0,0,28,28,0
homing_amr_wb_dec.cpp.obj,lib\libaudio_core.a,476,468,0,0,944,944,0
hp400.c.obj,lib\libaudio_core.a,160,0,0,0,160,160,0
hp50.c.obj,lib\libaudio_core.a,184,0,0,0,184,184,0
hp6k.c.obj,lib\libaudio_core.a,6,62,0,0,68,68,0
hp_max.cpp.obj,lib\libaudio_core.a,498,0,0,0,498,498,0
hp_wsp.c.obj,lib\libaudio_core.a,414,0,0,0,414,414,0
if2_to_ets.cpp.obj,lib\libaudio_core.a,206,0,0,0,206,206,0
int_lpc.c.obj,lib\libaudio_core.a,112,0,0,0,112,112,0
int_lpc.cpp.obj,lib\libaudio_core.a,656,0,0,0,656,656,0
int_lsf.cpp.obj,lib\libaudio_core.a,148,0,0,0,148,148,0
inter_36.cpp.obj,lib\libaudio_core.a,132,0,0,0,132,132,0
inter_36_tab.cpp.obj,lib\libaudio_core.a,0,50,0,0,50,50,0
interpolate_isp.cpp.obj,lib\libaudio_core.a,190,0,0,0,190,190,0
inv_sqrt.cpp.obj,lib\libaudio_core.a,84,0,0,0,84,84,0
inv_sqrt_tbl.cpp.obj,lib\libaudio_core.a,0,98,0,0,98,98,0
isf_extrapolation.cpp.obj,lib\libaudio_core.a,1090,0,0,0,1090,1090,0
isp_az.c.obj,lib\libaudio_core.a,1010,0,0,0,1010,1010,0
isp_az.cpp.obj,lib\libaudio_core.a,956,0,0,0,956,956,0
isp_isf.c.obj,lib\libaudio_core.a,188,514,0,0,702,702,0
isp_isf.cpp.obj,lib\libaudio_core.a,136,258,0,0,394,394,0
l_abs.cpp.obj,lib\libaudio_core.a,10,0,0,0,10,10,0
l_comp.cpp.obj,lib\libaudio_core.a,48,0,0,0,48,48,0
l_extract.cpp.obj,lib\libaudio_core.a,14,0,0,0,14,14,0
l_negate.cpp.obj,lib\libaudio_core.a,14,0,0,0,14,14,0
l_shr_r.cpp.obj,lib\libaudio_core.a,66,0,0,0,66,66,0
lag_wind.c.obj,lib\libaudio_core.a,64,64,0,0,128,128,0
lag_wind.cpp.obj,lib\libaudio_core.a,152,0,0,0,152,152,0
lag_wind_tab.cpp.obj,lib\libaudio_core.a,0,40,0,0,40,40,0
lagconceal.cpp.obj,lib\libaudio_core.a,576,0,0,0,576,576,0
levinson.c.obj,lib\libaudio_core.a,696,0,0,0,696,696,0
levinson.cpp.obj,lib\libaudio_core.a,902,0,0,0,902,902,0
log2.c.obj,lib\libaudio_core.a,124,66,0,0,190,190,0
log2.cpp.obj,lib\libaudio_core.a,30,0,0,0,30,30,0
log2_norm.cpp.obj,lib\libaudio_core.a,72,0,0,0,72,72,0
log2_tbl.cpp.obj,lib\libaudio_core.a,0,66,0,0,66,66,0
low_pass_filt_7k.cpp.obj,lib\libaudio_core.a,380,62,0,0,442,442,0
lp_dec2.c.obj,lib\libaudio_core.a,136,0,0,0,136,136,0
lpc.cpp.obj,lib\libaudio_core.a,276,0,0,0,276,276,0
lsfwt.cpp.obj,lib\libaudio_core.a,132,0,0,0,132,132,0
lsp.cpp.obj,lib\libaudio_core.a,356,0,0,0,356,356,0
lsp_avg.cpp.obj,lib\libaudio_core.a,146,0,0,0,146,146,0
lsp_az.cpp.obj,lib\libaudio_core.a,234,0,0,0,234,234,0
lsp_lsf.cpp.obj,lib\libaudio_core.a,144,0,0,0,144,144,0
lsp_lsf_tbl.cpp.obj,lib\libaudio_core.a,0,258,0,0,258,258,0
lsp_tab.cpp.obj,lib\libaudio_core.a,0,20,0,0,20,20,0
math_op.c.obj,lib\libaudio_core.a,236,164,0,0,400,400,0
median5.cpp.obj,lib\libaudio_core.a,110,0,0,0,110,110,0
mem_align.c.obj,lib\libaudio_core.a,132,0,0,0,132,132,0
mime_io.cpp.obj,lib\libaudio_core.a,488,5894,0,0,6382,6382,0
mult_r.cpp.obj,lib\libaudio_core.a,48,0,0,0,48,48,0
noise_gen_amrwb.cpp.obj,lib\libaudio_core.a,22,0,0,0,22,22,0
Norm_Corr_neon.s.obj,lib\libaudio_core.a,664,0,0,0,664,664,0
norm_l.cpp.obj,lib\libaudio_core.a,54,0,0,0,54,54,0
norm_s.cpp.obj,lib\libaudio_core.a,60,0,0,0,60,60,0
normalize_amr_wb.cpp.obj,lib\libaudio_core.a,132,0,0,0,132,132,0
ol_ltp.cpp.obj,lib\libaudio_core.a,144,0,0,0,144,144,0
oper_32b.c.obj,lib\libaudio_core.a,174,0,0,0,174,174,0
oversamp_12k8_to_16k.cpp.obj,lib\libaudio_core.a,408,192,0,0,600,600,0
p_med_ol.c.obj,lib\libaudio_core.a,792,398,0,0,1190,1190,0
p_ol_wgh.cpp.obj,lib\libaudio_core.a,950,0,0,0,950,950,0
ph_disp.cpp.obj,lib\libaudio_core.a,708,0,0,0,708,708,0
ph_disp_tab.cpp.obj,lib\libaudio_core.a,0,320,0,0,320,320,0
phase_dispersion.cpp.obj,lib\libaudio_core.a,424,256,0,0,680,680,0
pit_shrp.c.obj,lib\libaudio_core.a,40,0,0,0,40,40,0
pit_shrp.cpp.obj,lib\libaudio_core.a,84,0,0,0,84,84,0
pitch_f4.c.obj,lib\libaudio_core.a,420,64,0,0,484,484,0
pitch_fr.cpp.obj,lib\libaudio_core.a,1220,162,0,0,1382,1382,0
pitch_ol.cpp.obj,lib\libaudio_core.a,956,0,0,0,956,956,0
post_pro.cpp.obj,lib\libaudio_core.a,212,0,0,0,212,212,0
pow2.cpp.obj,lib\libaudio_core.a,88,0,0,0,88,88,0
pow2_tbl.cpp.obj,lib\libaudio_core.a,0,66,0,0,66,66,0
pre_big.cpp.obj,lib\libaudio_core.a,130,0,0,0,130,130,0
pre_proc.cpp.obj,lib\libaudio_core.a,228,0,0,0,228,228,0
pred_lt.cpp.obj,lib\libaudio_core.a,252,122,0,0,374,374,0
pred_lt4.c.obj,lib\libaudio_core.a,0,256,0,0,256,256,0
pred_lt4.cpp.obj,lib\libaudio_core.a,364,256,0,0,620,620,0
pred_lt4_1_neon.s.obj,lib\libaudio_core.a,196,0,0,0,196,196,0
preemph.c.obj,lib\libaudio_core.a,166,0,0,0,166,166,0
preemph.cpp.obj,lib\libaudio_core.a,150,0,0,0,150,150,0
preemph_amrwb_dec.cpp.obj,lib\libaudio_core.a,90,0,0,0,90,90,0
prm2bits.cpp.obj,lib\libaudio_core.a,70,0,0,0,70,70,0
pstfilt.cpp.obj,lib\libaudio_core.a,506,80,0,0,586,586,0
pvamrwb_math_op.cpp.obj,lib\libaudio_core.a,856,230,0,0,1086,1086,0
pvamrwbdecoder.cpp.obj,lib\libaudio_core.a,3700,92,0,0,3792,3792,0
q_gain2.c.obj,lib\libaudio_core.a,1098,768,0,0,1866,1866,0
q_gain2_tab.cpp.obj,lib\libaudio_core.a,0,768,0,0,768,768,0
q_gain_c.cpp.obj,lib\libaudio_core.a,216,0,0,0,216,216,0
q_gain_p.cpp.obj,lib\libaudio_core.a,210,0,0,0,210,210,0
q_plsf.cpp.obj,lib\libaudio_core.a,80,0,0,0,80,80,0
q_plsf_3.cpp.obj,lib\libaudio_core.a,896,0,0,0,896,896,0
q_plsf_3_tbl.cpp.obj,lib\libaudio_core.a,0,13000,0,0,13000,13000,0
q_plsf_5.cpp.obj,lib\libaudio_core.a,956,0,0,0,956,956,0
q_plsf_5_tbl.cpp.obj,lib\libaudio_core.a,0,7700,0,0,7700,7700,0
q_pulse.c.obj,lib\libaudio_core.a,1598,0,0,0,1598,1598,0
qgain475.cpp.obj,lib\libaudio_core.a,1266,2048,0,0,3314,3314,0
qgain475_tab.cpp.obj,lib\libaudio_core.a,0,2048,0,0,2048,2048,0
qgain795.cpp.obj,lib\libaudio_core.a,2120,0,0,0,2120,2120,0
qisf_ns.c.obj,lib\libaudio_core.a,456,1568,0,0,2024,2024,0
qisf_ns.cpp.obj,lib\libaudio_core.a,204,0,0,0,204,204,0
qisf_ns_tab.cpp.obj,lib\libaudio_core.a,0,1568,0,0,1568,1568,0
qpisf_2s.c.obj,lib\libaudio_core.a,2164,13792,0,0,15956,15956,0
qpisf_2s.cpp.obj,lib\libaudio_core.a,1228,0,0,0,1228,1228,0
qpisf_2s_tab.cpp.obj,lib\libaudio_core.a,0,13792,0,0,13792,13792,0
qua_gain.cpp.obj,lib\libaudio_core.a,806,0,0,0,806,806,0
qua_gain_tbl.cpp.obj,lib\libaudio_core.a,0,1536,0,0,1536,1536,0
random.c.obj,lib\libaudio_core.a,56,0,0,0,56,56,0
reorder.cpp.obj,lib\libaudio_core.a,36,0,0,0,36,36,0
residu.cpp.obj,lib\libaudio_core.a,190,0,0,0,190,190,0
residu_asm_neon.s.obj,lib\libaudio_core.a,264,0,0,0,264,264,0
round.cpp.obj,lib\libaudio_core.a,36,0,0,0,36,36,0
s10_8pf.cpp.obj,lib\libaudio_core.a,1608,0,0,0,1608,1608,0
scale.c.obj,lib\libaudio_core.a,132,0,0,0,132,132,0
scale_sig_neon.s.obj,lib\libaudio_core.a,356,0,0,0,356,356,0
scale_signal.cpp.obj,lib\libaudio_core.a,158,0,0,0,158,158,0
set_sign.cpp.obj,lib\libaudio_core.a,614,0,0,0,614,614,0
shr.cpp.obj,lib\libaudio_core.a,68,0,0,0,68,68,0
shr_r.cpp.obj,lib\libaudio_core.a,40,0,0,0,40,40,0
sid_sync.cpp.obj,lib\libaudio_core.a,142,0,0,0,142,142,0
sp_dec.cpp.obj,lib\libaudio_core.a,332,0,0,0,332,332,0
sp_enc.cpp.obj,lib\libaudio_core.a,248,0,0,0,248,248,0
spreproc.cpp.obj,lib\libaudio_core.a,178,0,0,0,178,178,0
spstproc.cpp.obj,lib\libaudio_core.a,260,0,0,0,260,260,0
sqrt_l.cpp.obj,lib\libaudio_core.a,148,0,0,0,148,148,0
sqrt_l_tbl.cpp.obj,lib\libaudio_core.a,0,100,0,0,100,100,0
stream.c.obj,lib\libaudio_core.a,84,0,0,0,84,84,0
sub.cpp.obj,lib\libaudio_core.a,40,0,0,0,40,40,0
syn_filt.c.obj,lib\libaudio_core.a,410,0,0,0,410,410,0
syn_filt.cpp.obj,lib\libaudio_core.a,536,0,0,0,536,536,0
Syn_filt_32_neon.s.obj,lib\libaudio_core.a,244,0,0,0,244,244,0
syn_filt_neon.s.obj,lib\libaudio_core.a,188,0,0,0,188,188,0
synthesis_amr_wb.cpp.obj,lib\libaudio_core.a,1206,32,0,0,1238,1238,0
ton_stab.cpp.obj,lib\libaudio_core.a,282,0,0,0,282,282,0
updt_tar.c.obj,lib\libaudio_core.a,68,0,0,0,68,68,0
util.c.obj,lib\libaudio_core.a,70,0,0,0,70,70,0
vad1.cpp.obj,lib\libaudio_core.a,3286,0,0,0,3286,3286,0
voAMRWBEnc.c.obj,lib\libaudio_core.a,7312,124,0,0,7436,7436,0
voice_factor.cpp.obj,lib\libaudio_core.a,378,0,0,0,378,378,0
voicefac.c.obj,lib\libaudio_core.a,318,0,0,0,318,318,0
wb_syn_filt.cpp.obj,lib\libaudio_core.a,982,0,0,0,982,982,0
wb_vad.c.obj,lib\libaudio_core.a,2516,0,0,0,2516,2516,0
weight_a.c.obj,lib\libaudio_core.a,80,0,0,0,80,80,0
weight_a.cpp.obj,lib\libaudio_core.a,42,0,0,0,42,42,0
weight_amrwb_lpc.cpp.obj,lib\libaudio_core.a,72,0,0,0,72,72,0
window_tab.cpp.obj,lib\libaudio_core.a,0,1440,0,0,1440,1440,0
wmf_to_ets.cpp.obj,lib\libaudio_core.a,108,0,0,0,108,108,0
wrapper.c.obj,lib\libaudio_core.a,200,0,0,0,200,200,0
wrapper.cpp.obj,lib\libaudio_core.a,468,8,0,0,476,476,0
audio_decoder.c.obj,lib\libaudio_media.a,202,0,0,0,202,202,0
audio_encoder.c.obj,lib\libaudio_media.a,156,0,0,0,156,156,0
block_device.c.obj,lib\libbdev.a,44,0,0,0,44,44,0
partition_block_device.c.obj,lib\libbdev.a,184,0,0,0,184,184,0
flash_block_device_v2.c.obj,lib\libbdev_core.a,2914,20,0,0,2934,2934,0
quec_boot_pin_power_domain.c.obj,lib\libboot_ex_spi6nor.a,294,29,0,0,323,323,0
quec_spi6_ext_norflash_cfg.c.obj,lib\libboot_ex_spi6nor.a,1028,285,162,6,1313,1475,168
crypto.c.obj,lib\libcalclib.a,74,0,0,0,74,74,0
sha256_mbedtls.c.obj,lib\libcalclib.a,70,0,0,0,70,70,0
simage.c.obj,lib\libcalclib.a,1122,0,0,0,1122,1122,0
simage_mbedtls.c.obj,lib\libcalclib.a,644,8,0,0,652,652,0
sm3.c.obj,lib\libcalclib.a,796,0,0,352,796,796,352
crc32.c.obj,lib\libcalclib_crc.a,252,1280,0,0,1532,1532,0
cfw_chset.c.obj,lib\libcfw.a,982,0,0,0,982,982,0
cfw_dispatch.c.obj,lib\libcfw.a,828,32,0,4,860,860,4
cfw_event_names.c.obj,lib\libcfw.a,8,1,0,0,9,9,0
cfw_general.c.obj,lib\libcfw.a,76,12,0,0,88,88,0
tm_time.c.obj,lib\libcfw.a,250,0,0,0,250,250,0
cfw_aom_sche.c.obj,lib\libcfw_core_modem_lte_volte_lib.a,7222,4698,1,736,11920,11921,737
cfw_aom_util.c.obj,lib\libcfw_core_modem_lte_volte_lib.a,1300,0,0,1148,1300,1300,1148
cfw_bal_app.c.obj,lib\libcfw_core_modem_lte_volte_lib.a,64,0,0,8,64,64,8
cfw_bal_init.c.obj,lib\libcfw_core_modem_lte_volte_lib.a,1830,41,2,12,1871,1873,14
cfw_cc_main.c.obj,lib\libcfw_core_modem_lte_volte_lib.a,12194,34,0,87,12228,12228,87
cfw_cc_tools.c.obj,lib\libcfw_core_modem_lte_volte_lib.a,19602,75,0,10,19677,19677,10
cfw_cfg_cm.c.obj,lib\libcfw_core_modem_lte_volte_lib.a,924,13,0,0,937,937,0
cfw_cfg_general.c.obj,lib\libcfw_core_modem_lte_volte_lib.a,1564,66,4,0,1630,1634,4
cfw_cfg_init.c.obj,lib\libcfw_core_modem_lte_volte_lib.a,96,0,0,0,96,96,0
cfw_cfg_main.c.obj,lib\libcfw_core_modem_lte_volte_lib.a,250,5094,42,8,5344,5386,50
cfw_cfg_nw.c.obj,lib\libcfw_core_modem_lte_volte_lib.a,2012,13,0,16,2025,2025,16
cfw_cfg_pbk.c.obj,lib\libcfw_core_modem_lte_volte_lib.a,80,0,2,0,80,82,2
cfw_cfg_sim.c.obj,lib\libcfw_core_modem_lte_volte_lib.a,388,4,0,384,392,392,384
cfw_cfg_sms.c.obj,lib\libcfw_core_modem_lte_volte_lib.a,2712,46,0,72,2758,2758,72
cfw_emod_loct.c.obj,lib\libcfw_core_modem_lte_volte_lib.a,1658,90,0,0,1748,1748,0
cfw_emod_tsm_api.c.obj,lib\libcfw_core_modem_lte_volte_lib.a,544,53,0,0,597,597,0
cfw_emod_tsm_data_parse.c.obj,lib\libcfw_core_modem_lte_volte_lib.a,1774,0,0,0,1774,1774,0
cfw_emod_tsm_proc.c.obj,lib\libcfw_core_modem_lte_volte_lib.a,1360,0,0,0,1360,1360,0
cfw_gprs_main.c.obj,lib\libcfw_core_modem_lte_volte_lib.a,27090,274,68,5057,27364,27432,5125
cfw_gprs_tool.c.obj,lib\libcfw_core_modem_lte_volte_lib.a,3286,0,0,0,3286,3286,0
cfw_ims_main.c.obj,lib\libcfw_core_modem_lte_volte_lib.a,16486,175,10,427,16661,16671,437
cfw_lgw_main.c.obj,lib\libcfw_core_modem_lte_volte_lib.a,1472,68,0,0,1540,1540,0
cfw_md5.c.obj,lib\libcfw_core_modem_lte_volte_lib.a,2000,0,64,0,2000,2064,64
cfw_nv.c.obj,lib\libcfw_core_modem_lte_volte_lib.a,3302,262,0,2184,3564,3564,2184
cfw_nw_main.c.obj,lib\libcfw_core_modem_lte_volte_lib.a,23822,744,5,82,24566,24571,87
cfw_nw_tool.c.obj,lib\libcfw_core_modem_lte_volte_lib.a,214,0,0,0,214,214,0
cfw_psm.c.obj,lib\libcfw_core_modem_lte_volte_lib.a,2016,15,4,1734,2031,2035,1738
cfw_rpc_ap.c.obj,lib\libcfw_core_modem_lte_volte_lib.a,1280,0,0,4,1280,1280,4
cfw_shell_main.c.obj,lib\libcfw_core_modem_lte_volte_lib.a,5208,195,3,113,5403,5406,116
cfw_sim.c.obj,lib\libcfw_core_modem_lte_volte_lib.a,4466,5437,76,0,9903,9979,76
cfw_sim_boot_api.c.obj,lib\libcfw_core_modem_lte_volte_lib.a,18306,645,3268,11,18951,22219,3279
cfw_sim_boot_pro.c.obj,lib\libcfw_core_modem_lte_volte_lib.a,11838,131,18,575,11969,11987,593
cfw_sim_chv_api.c.obj,lib\libcfw_core_modem_lte_volte_lib.a,2242,130,12,0,2372,2384,12
cfw_sim_chv_pro.c.obj,lib\libcfw_core_modem_lte_volte_lib.a,3068,0,0,0,3068,3068,0
cfw_sim_mis_api.c.obj,lib\libcfw_core_modem_lte_volte_lib.a,3504,487,0,45,3991,3991,45
cfw_sim_mis_pro.c.obj,lib\libcfw_core_modem_lte_volte_lib.a,10830,69,0,5,10899,10899,5
cfw_sim_pbk_api.c.obj,lib\libcfw_core_modem_lte_volte_lib.a,612,128,0,0,740,740,0
cfw_sim_pbk_pro.c.obj,lib\libcfw_core_modem_lte_volte_lib.a,3460,484,0,0,3944,3944,0
cfw_sim_sat.c.obj,lib\libcfw_core_modem_lte_volte_lib.a,18206,36,6,138,18242,18248,144
cfw_sim_sat_api.c.obj,lib\libcfw_core_modem_lte_volte_lib.a,2196,42,0,8,2238,2238,8
cfw_sim_sat_pro.c.obj,lib\libcfw_core_modem_lte_volte_lib.a,2284,0,1,0,2284,2285,1
cfw_sim_sms_api.c.obj,lib\libcfw_core_modem_lte_volte_lib.a,2516,310,0,0,2826,2826,0
cfw_sim_sms_pro.c.obj,lib\libcfw_core_modem_lte_volte_lib.a,9912,11,0,8,9923,9923,8
cfw_sms_db.c.obj,lib\libcfw_core_modem_lte_volte_lib.a,1518,41,4,0,1559,1563,4
cfw_sms_main.c.obj,lib\libcfw_core_modem_lte_volte_lib.a,11984,1342,1,4,13326,13327,5
cfw_sms_mmi.c.obj,lib\libcfw_core_modem_lte_volte_lib.a,2510,142,0,8,2652,2652,8
cfw_sms_tool.c.obj,lib\libcfw_core_modem_lte_volte_lib.a,13474,165,0,0,13639,13639,0
cfw_ss_main.c.obj,lib\libcfw_core_modem_lte_volte_lib.a,16436,12271,0,8,28707,28707,8
cfw_ss_tools.c.obj,lib\libcfw_core_modem_lte_volte_lib.a,68,31,0,0,99,99,0
cfw_task.c.obj,lib\libcfw_core_modem_lte_volte_lib.a,512,9,0,14,521,521,14
cfw_usim_pro.c.obj,lib\libcfw_core_modem_lte_volte_lib.a,2962,5,0,0,2967,2967,0
cfwadpcsm.c.obj,lib\libcfw_core_modem_lte_volte_lib.a,1558,1076,0,5515,2634,2634,5515
cfwadpcsm_cc.c.obj,lib\libcfw_core_modem_lte_volte_lib.a,14910,9773,0,153,24683,24683,153
cfwadpcsm_nw.c.obj,lib\libcfw_core_modem_lte_volte_lib.a,7370,2793,0,21,10163,10163,21
cfwadpcsm_sms.c.obj,lib\libcfw_core_modem_lte_volte_lib.a,2132,726,0,3,2858,2858,3
cfwadpcsm_ss.c.obj,lib\libcfw_core_modem_lte_volte_lib.a,4094,1175,3,0,5269,5272,3
sms_dm_local.c.obj,lib\libcfw_core_modem_lte_volte_lib.a,38,0,0,0,38,38,0
sms_dm_nv.c.obj,lib\libcfw_core_modem_lte_volte_lib.a,1320,14,0,14,1334,1334,14
sprd_ce.c.obj,lib\libcrypto.a,3874,226,0,20,4100,4100,20
sprd_crypto.c.obj,lib\libcrypto.a,588,283,0,80,871,871,80
sprd_ecc_core.c.obj,lib\libcrypto.a,5046,0,0,0,5046,5046,0
sprd_ecc_pka.c.obj,lib\libcrypto.a,424,0,0,0,424,424,0
sprd_pal_plat.c.obj,lib\libcrypto.a,36,0,0,0,36,36,0
sprd_pka.c.obj,lib\libcrypto.a,308,0,0,0,308,308,0
sprd_queue.c.obj,lib\libcrypto.a,164,122,0,0,286,286,0
sprd_sm2_core.c.obj,lib\libcrypto.a,5224,0,0,0,5224,5224,0
sprd_utils.c.obj,lib\libcrypto.a,26,0,0,0,26,26,0
diag.c.obj,lib\libdiag.a,1072,0,0,4132,1072,1072,4132
diag_at.c.obj,lib\libdiag.a,336,0,0,0,336,336,0
diag_camera.c.obj,lib\libdiag.a,750,12,0,60,762,762,60
diag_charge.c.obj,lib\libdiag.a,274,0,0,0,274,274,0
diag_current_test.c.obj,lib\libdiag.a,200,0,0,4,200,200,4
diag_debug_readwrite.c.obj,lib\libdiag.a,502,0,0,2048,502,502,2048
diag_log.c.obj,lib\libdiag.a,44,0,0,0,44,44,0
diag_nvm.c.obj,lib\libdiag.a,1580,22,0,536,1602,1602,536
diag_runmode.c.obj,lib\libdiag.a,456,0,0,0,456,456,0
diag_swver.c.obj,lib\libdiag.a,160,154,0,0,314,314,0
diag_sys.c.obj,lib\libdiag.a,2102,0,0,0,2102,2102,0
layer1_diag.c.obj,lib\libdiag.a,388,0,0,0,388,388,0
drv_axidma_8850.c.obj,lib\libdriver.a,730,16,0,156,746,746,156
drv_camera.c.obj,lib\libdriver.a,1610,0,0,12,1610,1610,12
drv_debug_ifc_uart.c.obj,lib\libdriver.a,1796,36,0,4,1832,1832,4
drv_debug_port.c.obj,lib\libdriver.a,106,0,0,4,106,106,4
drv_debug_userial.c.obj,lib\libdriver.a,2862,148,696,0,3010,3706,696
drv_debughost.c.obj,lib\libdriver.a,1360,36,0,608,1396,1396,608
drv_efuse_8850.c.obj,lib\libdriver.a,276,0,0,0,276,276,0
drv_gpio_8850.c.obj,lib\libdriver.a,1396,16,0,244,1412,1412,244
drv_gpt_8850.c.obj,lib\libdriver.a,1334,16,0,396,1350,1350,396
drv_host_cmd.c.obj,lib\libdriver.a,532,0,0,0,532,532,0
drv_host_cmd_rw.c.obj,lib\libdriver.a,428,0,0,0,428,428,0
drv_i2c.c.obj,lib\libdriver.a,2044,337,0,84,2381,2381,84
drv_ifc.c.obj,lib\libdriver.a,760,272,36,5,1032,1068,41
drv_ifc_uart.c.obj,lib\libdriver.a,4402,322,8,1,4724,4732,9
drv_keypad.c.obj,lib\libdriver.a,530,0,0,12,530,530,12
drv_lcd.c.obj,lib\libdriver.a,2084,194,16,200,2278,2294,216
drv_lcd_st7789h2.c.obj,lib\libdriver.a,1452,40,32,0,1492,1524,32
drv_lcd_st7789v.c.obj,lib\libdriver.a,1448,414,32,0,1862,1894,32
drv_lcd_v2.c.obj,lib\libdriver.a,2596,0,0,64,2596,2596,64
drv_md_nvm.c.obj,lib\libdriver.a,980,27,0,24,1007,1007,24
drv_modem_log_buf.c.obj,lib\libdriver.a,246,27,0,0,273,273,0
drv_pmic_intr_8850.c.obj,lib\libdriver.a,688,0,0,292,688,688,292
drv_ps_path_md.c.obj,lib\libdriver.a,294,0,0,4532,294,294,4532
drv_pwrkey_2720.c.obj,lib\libdriver.a,272,0,0,16,272,272,16
drv_rng.c.obj,lib\libdriver.a,96,0,8,0,96,104,8
drv_rtc.c.obj,lib\libdriver.a,2632,92,0,72,2724,2724,72
drv_rtc.pb.c.obj,lib\libdriver.a,0,120,0,0,120,120,0
drv_rtc_8850.c.obj,lib\libdriver.a,640,0,0,0,640,640,0
drv_serial.c.obj,lib\libdriver.a,670,36,4,360,706,710,364
drv_spi_8850.c.obj,lib\libdriver.a,4024,259,0,449,4283,4283,449
drv_usb_8850.cpp.obj,lib\libdriver.a,1552,11,0,4,1563,1563,4
drv_wdt_uip8850.c.obj,lib\libdriver.a,414,14,0,16,428,428,16
f_serial.c.obj,lib\libdriver.a,990,68,8,0,1058,1066,8
udc.c.obj,lib\libdriver.a,412,0,0,512,412,412,512
udc_dwc.c.obj,lib\libdriver.a,7020,211,1,1760,7231,7232,1761
usb_composite_device.c.obj,lib\libdriver.a,2294,26,24,0,2320,2344,24
usb_platform_8850.c.obj,lib\libdriver.a,638,0,0,0,638,638,0
usb_serial.c.obj,lib\libdriver.a,3640,63,0,0,3703,3703,0
camera_bf20a6.c.obj,lib\libdriver_camera.a,1982,592,120,1,2574,2694,121
camera_bf30a2.c.obj,lib\libdriver_camera.a,1988,247,120,1,2235,2355,121
camera_gc0310.c.obj,lib\libdriver_camera.a,3054,1255,120,4,4309,4429,124
camera_gc032a.c.obj,lib\libdriver_camera.a,1970,689,120,1,2659,2779,121
image_sensor.c.obj,lib\libdriver_camera.a,1104,42,17,88,1146,1163,105
drv_adc_8850.c.obj,lib\libdriver_charge_adc.a,1712,0,23,10,1712,1735,33
drv_charger_8850.c.obj,lib\libdriver_charge_adc.a,3734,161,48,260,3895,3943,308
drv_lcd_cfg.c.obj,lib\libdriver_lcd.a,292,36,22,0,328,350,22
drv_lcd_gc9305.c.obj,lib\libdriver_lcd.a,1884,40,32,3,1924,1956,35
drv_lcd_st7567a.c.obj,lib\libdriver_lcd.a,680,447,0,0,1127,1127,0
drv_lcd_st7735s.c.obj,lib\libdriver_lcd.a,1544,40,32,0,1584,1616,32
drv_host_cmd_sys.c.obj,lib\libdrv_host.a,1476,0,0,0,1476,1476,0
drv_efuse.c.obj,lib\libefuse_secure.a,150,0,0,4,150,150,4
drv_secure_8850.c.obj,lib\libefuse_secure.a,820,0,2,0,820,822,2
fatfs_portable.c.obj,lib\libfatfs.a,538,686,0,24,1224,1224,24
fatfs_vfs.c.obj,lib\libfatfs.a,346,21,1,0,367,368,1
ff.c.obj,lib\libfatfs.a,6364,122,0,531,6486,6486,531
compress_sfile.c.obj,lib\libfs.a,496,10,0,0,506,506,0
sffs_vfs.c.obj,lib\libfs.a,1068,116,0,0,1184,1184,0
vfs.c.obj,lib\libfs.a,3934,22,192,136,3956,4148,328
partinfo.bin.S.obj,lib\libfs_partinfo.a,352,0,0,0,352,352,0
ql_fs_part_info.c.obj,lib\libfs_partinfo.a,16,0,0,0,16,16,0
fs_mount.c.obj,lib\libfsmount.a,1436,38,1,8,1474,1475,9
fupdate_app.c.obj,lib\libfupdate_core.a,1950,8,0,0,1958,1958,0
fupdate_common.c.obj,lib\libfupdate_core.a,1102,64,16,0,1166,1182,16
fupdate_security_app.c.obj,lib\libfupdate_security_app.a,4,0,0,0,4,4,0
fupdate_security_pack.c.obj,lib\libfupdate_security_app.a,168,16,0,1,184,184,1
hal_adi_bus.c.obj,lib\libhal.a,568,4,0,0,572,572,0
hal_blue_screen.c.obj,lib\libhal.a,172,16,94,0,188,282,94
hal_bscore.c.obj,lib\libhal.a,968,8,0,0,976,976,0
hal_chip.c.obj,lib\libhal.a,1930,29,712,0,1959,2671,712
hal_clock_init.c.obj,lib\libhal.a,1748,4,0,0,1752,1752,0
hal_cp_ctrl.c.obj,lib\libhal.a,1132,118,0,0,1250,1250,0
hal_efuse.c.obj,lib\libhal.a,288,0,0,0,288,288,0
hal_efuse_cache.c.obj,lib\libhal.a,1088,24,0,1244,1112,1112,1244
hal_gouda.c.obj,lib\libhal.a,2084,0,5,27,2084,2089,32
hal_hw_map.c.obj,lib\libhal.a,52,1576,0,0,1628,1628,0
hal_hwspinlock.c.obj,lib\libhal.a,166,0,0,0,166,166,0
hal_lzma.c.obj,lib\libhal.a,494,0,0,0,494,494,0
hal_pmu.c.obj,lib\libhal.a,8114,353,8,5,8467,8475,13
hal_sim.c.obj,lib\libhal.a,356,80,0,0,436,436,0
hal_iomux.c.obj,lib\libhal_prop.a,1120,1098,1076,1464,2218,3294,2540
hal_mmu.c.obj,lib\libhal_prop.a,896,32,0,0,928,928,0
hal_shmem_region.c.obj,lib\libhal_prop.a,1092,100,0,8,1192,1192,8
ql_hal_spi_flash_prop.c.obj,lib\libhal_prop.a,32,3,584,8,35,619,592
ids.c.obj,lib\libids_core.a,3558,665,0,92,4223,4223,92
cfl_base64.c.obj,lib\libimshttp.a,232,65,0,0,297,297,0
cfl_char.c.obj,lib\libimshttp.a,274,0,0,0,274,274,0
cfl_list.c.obj,lib\libimshttp.a,618,0,0,0,618,618,0
cfl_md5.c.obj,lib\libimshttp.a,2132,0,64,0,2132,2196,64
cfl_mem.c.obj,lib\libimshttp.a,66,0,0,0,66,66,0
cfl_string.c.obj,lib\libimshttp.a,92,0,0,0,92,92,0
cfl_time.c.obj,lib\libimshttp.a,784,112,0,0,896,896,0
cfl_timer.c.obj,lib\libimshttp.a,724,86,0,8,810,810,8
cfl_wchar.c.obj,lib\libimshttp.a,180,0,0,0,180,180,0
Cplus.c.obj,lib\libimshttp.a,20,0,8,0,20,28,8
Qf.c.obj,lib\libimshttp.a,0,64,0,0,64,64,0
Qhsm.c.obj,lib\libimshttp.a,250,0,0,8,250,250,8
QhsmTran.c.obj,lib\libimshttp.a,420,0,0,0,420,420,0
http_api.c.obj,lib\libimshttp_core.a,976,0,0,0,976,976,0
http_auth.c.obj,lib\libimshttp_core.a,6516,392,0,4,6908,6908,4
http_cache.c.obj,lib\libimshttp_core.a,320,49,0,0,369,369,0
http_cache_api.c.obj,lib\libimshttp_core.a,3552,84,0,0,3636,3636,0
http_chunk.c.obj,lib\libimshttp_core.a,2928,49,0,0,2977,2977,0
http_cookie_api.c.obj,lib\libimshttp_core.a,6606,168,0,0,6774,6774,0
http_date_parser.c.obj,lib\libimshttp_core.a,856,642,152,0,1498,1650,152
http_event.c.obj,lib\libimshttp_core.a,204,0,0,0,204,204,0
http_header.c.obj,lib\libimshttp_core.a,1500,143,0,0,1643,1643,0
http_hsm.c.obj,lib\libimshttp_core.a,23992,2478,0,1,26470,26470,1
http_request.c.obj,lib\libimshttp_core.a,11350,193,4,4,11543,11547,8
http_response.c.obj,lib\libimshttp_core.a,5354,641,0,0,5995,5995,0
http_serialize.c.obj,lib\libimshttp_core.a,3942,0,0,0,3942,3942,0
http_session.c.obj,lib\libimshttp_core.a,404,292,0,8,696,696,8
http_signal.c.obj,lib\libimshttp_core.a,2918,24,0,4,2942,2942,4
http_util.c.obj,lib\libimshttp_core.a,1640,314,0,8,1954,1954,8
netmgr_api.c.obj,lib\libimshttp_core.a,868,60,0,0,928,928,0
netmgr_host.c.obj,lib\libimshttp_core.a,596,61,0,0,657,657,0
netmgr_instance.c.obj,lib\libimshttp_core.a,3360,91,0,888,3451,3451,888
netmgr_request.c.obj,lib\libimshttp_core.a,362,64,0,0,426,426,0
netmgr_url.c.obj,lib\libimshttp_core.a,1408,80,0,0,1488,1488,0
nettrans_api.c.obj,lib\libimshttp_core.a,1832,103,0,0,1935,1935,0
nettrans_connection.c.obj,lib\libimshttp_core.a,840,71,0,0,911,911,0
nettrans_msg.c.obj,lib\libimshttp_core.a,2528,182,0,0,2710,2710,0
nettrans_sock.c.obj,lib\libimshttp_core.a,3052,247,0,0,3299,3299,0
aes_core.c.obj,lib\libipsec_core.a,3090,10280,0,0,13370,13370,0
bf_enc.c.obj,lib\libipsec_core.a,2610,0,0,0,2610,2610,0
bf_skey.c.obj,lib\libipsec_core.a,176,4168,0,0,4344,4344,0
callbacks.c.obj,lib\libipsec_core.a,72,78,0,8,150,150,8
classify_sp.c.obj,lib\libipsec_core.a,1576,61,0,174,1637,1637,174
crypt_api.c.obj,lib\libipsec_core.a,1122,0,200,0,1122,1322,200
crypto.c.obj,lib\libipsec_core.a,1738,997,0,0,2735,2735,0
des_enc.c.obj,lib\libipsec_core.a,10124,2048,0,0,12172,12172,0
des_skey.c.obj,lib\libipsec_core.a,480,2064,0,4,2544,2544,4
iniche.c.obj,lib\libipsec_core.a,136,106,0,0,242,242,0
iniche_intf.c.obj,lib\libipsec_core.a,544,599,4,0,1143,1147,4
ipcksum.c.obj,lib\libipsec_core.a,390,0,0,0,390,390,0
ipsec.c.obj,lib\libipsec_core.a,4604,416,0,0,5020,5020,0
ipsec_api.c.obj,lib\libipsec_core.a,376,71,0,0,447,447,0
ipsec_id.c.obj,lib\libipsec_core.a,980,247,0,0,1227,1227,0
ipsecip6.c.obj,lib\libipsec_core.a,368,0,0,0,368,368,0
ipsecmgmt.c.obj,lib\libipsec_core.a,76,88,0,8,164,164,8
ipsecmisc.c.obj,lib\libipsec_core.a,28,0,0,0,28,28,0
ipsecsession.c.obj,lib\libipsec_core.a,1046,78,0,8288,1124,1124,8288
md5.c.obj,lib\libipsec_core.a,2032,0,64,0,2032,2096,64
mgmt.c.obj,lib\libipsec_core.a,1588,132,0,194,1720,1720,194
mgmtapi.c.obj,lib\libipsec_core.a,1790,846,0,0,2636,2636,0
os_iniche.c.obj,lib\libipsec_core.a,130,26,4,0,156,160,4
packet.c.obj,lib\libipsec_core.a,1210,578,0,36,1788,1788,36
pkt_iniche.c.obj,lib\libipsec_core.a,1746,0,0,0,1746,1746,0
process.c.obj,lib\libipsec_core.a,1350,312,0,572,1662,1662,572
replay.c.obj,lib\libipsec_core.a,112,0,4,0,112,116,4
route.c.obj,lib\libipsec_core.a,28,37,0,0,65,65,0
sha1_new.c.obj,lib\libipsec_core.a,760,0,0,0,760,760,0
sha2.c.obj,lib\libipsec_core.a,2720,1056,0,0,3776,3776,0
spd.c.obj,lib\libipsec_core.a,1286,160,32,2380,1446,1478,2412
sync_api.c.obj,lib\libipsec_core.a,756,697,0,0,1453,1453,0
timer.c.obj,lib\libipsec_core.a,100,0,0,4,100,100,4
util.c.obj,lib\libipsec_core.a,384,0,0,134,384,384,134
cJSON.c.obj,lib\libjson.a,4154,28,12,8,4182,4194,20
osi_boot.c.obj,lib\libkernel.a,3498,13,0,12897,3511,3511,12897
osi_chip.c.obj,lib\libkernel.a,560,11,0,16,571,571,16
osi_clock.c.obj,lib\libkernel.a,690,0,0,40,690,690,40
osi_cxxabi.cpp.obj,lib\libkernel.a,44,0,0,0,44,44,0
osi_idle.c.obj,lib\libkernel.a,8,0,0,0,8,8,0
osi_sleep.c.obj,lib\libkernel.a,3834,172,0,28748,4006,4006,28748
osi_sysnv.c.obj,lib\libkernel.a,1016,16,28,28,1032,1060,56
osi_sysnv.pb.c.obj,lib\libkernel.a,0,260,0,0,260,260,0
osi_time.c.obj,lib\libkernel.a,1422,12,0,24,1434,1434,24
sci_osi.c.obj,lib\libkernel.a,304,0,0,0,304,304,0
panel_gc9305.c.obj,lib\liblcdpanel.a,1150,55,0,0,1205,1205,0
panel_gc9306.c.obj,lib\liblcdpanel.a,1150,55,0,0,1205,1205,0
def.c.obj,lib\liblwip.a,66,0,0,0,66,66,0
dhcp.c.obj,lib\liblwip.a,6174,721,0,63,6895,6895,63
dns.c.obj,lib\liblwip.a,7598,699,0,3139,8297,8297,3139
err.c.obj,lib\liblwip.a,60,445,0,0,505,505,0
icmp.c.obj,lib\liblwip.a,808,192,0,0,1000,1000,0
icmp6.c.obj,lib\liblwip.a,816,169,0,0,985,985,0
if_api.c.obj,lib\liblwip.a,4,0,0,0,4,4,0
inet_chksum.c.obj,lib\liblwip.a,442,0,0,0,442,442,0
init.c.obj,lib\liblwip.a,38,0,0,0,38,38,0
ip.c.obj,lib\liblwip.a,90,24,0,68,114,114,68
ip4.c.obj,lib\liblwip.a,1712,103,0,10,1815,1815,10
ip4_addr.c.obj,lib\liblwip.a,638,99,0,16,737,737,16
ip4_frag.c.obj,lib\liblwip.a,2456,446,0,7,2902,2902,7
ip4_nat.c.obj,lib\liblwip.a,4480,136,6,32,4616,4622,38
ip6.c.obj,lib\liblwip.a,3780,92,0,0,3872,3872,0
ip6_addr.c.obj,lib\liblwip.a,836,32,0,40,868,868,40
ip6_frag.c.obj,lib\liblwip.a,2708,311,0,11,3019,3019,11
mem.c.obj,lib\liblwip.a,140,114,0,0,254,254,0
memp.c.obj,lib\liblwip.a,230,565,0,0,795,795,0
mld6.c.obj,lib\liblwip.a,1368,0,0,1,1368,1368,1
nd6.c.obj,lib\liblwip.a,7368,91,8,2276,7459,7467,2284
netdb.c.obj,lib\liblwip.a,1130,0,0,317,1130,1130,317
netif.c.obj,lib\liblwip.a,3094,799,0,445,3893,3893,445
pbuf.c.obj,lib\liblwip.a,2420,911,0,1,3331,3331,1
raw.c.obj,lib\liblwip.a,1968,234,0,4,2202,2202,4
sockets.c.obj,lib\liblwip.a,23808,3617,12,724,27425,27437,736
tcp.c.obj,lib\liblwip.a,8972,2199,6,24,11171,11177,30
tcp_in.c.obj,lib\liblwip.a,9124,917,0,58,10041,10041,58
tcp_out.c.obj,lib\liblwip.a,7410,1860,0,0,9270,9270,0
tcpip.c.obj,lib\liblwip.a,460,208,0,8,668,668,8
timeouts.c.obj,lib\liblwip.a,196,186,0,4,382,382,4
udp.c.obj,lib\liblwip.a,3932,710,2,4,4642,4644,6
lz4.c.obj,lib\liblz4.a,3528,64,0,0,3592,3592,0
lz4lite.c.obj,lib\liblz4.a,162,0,0,0,162,162,0
mal_cfw.c.obj,lib\libmal.a,316,0,0,0,316,316,0
mal_engine.c.obj,lib\libmal.a,340,41,0,4,381,381,4
mal_sms.c.obj,lib\libmal.a,632,0,0,4,632,632,4
base64_porting.c.obj,lib\libmatrix_ssl_core.a,208,0,0,0,208,208,0
hmac.c.obj,lib\libmatrix_ssl_core.a,856,0,0,0,856,856,0
ssl_api.c.obj,lib\libmatrix_ssl_core.a,3972,30,0,1,4002,4002,1
arc4.c.obj,lib\libmbedtls.a,164,0,0,0,164,164,0
asn1parse.c.obj,lib\libmbedtls.a,968,0,0,0,968,968,0
asn1write.c.obj,lib\libmbedtls.a,608,0,0,0,608,608,0
base64.c.obj,lib\libmbedtls.a,580,0,0,0,580,580,0
bignum.c.obj,lib\libmbedtls.a,8758,672,0,0,9430,9430,0
blowfish.c.obj,lib\libmbedtls.a,934,4168,0,0,5102,5102,0
camellia.c.obj,lib\libmbedtls.a,2222,1304,0,0,3526,3526,0
ccm.c.obj,lib\libmbedtls.a,1082,0,0,0,1082,1082,0
chacha20.c.obj,lib\libmbedtls.a,1092,0,0,0,1092,1092,0
chachapoly.c.obj,lib\libmbedtls.a,746,0,0,0,746,746,0
cipher.c.obj,lib\libmbedtls.a,2276,0,0,0,2276,2276,0
cipher_wrap.c.obj,lib\libmbedtls.a,762,3348,0,0,4110,4110,0
constant_time.c.obj,lib\libmbedtls.a,1436,0,0,0,1436,1436,0
ctr_drbg.c.obj,lib\libmbedtls.a,1076,0,0,0,1076,1076,0
des.c.obj,lib\libmbedtls.a,3202,2176,0,0,5378,5378,0
dhm.c.obj,lib\libmbedtls.a,1370,0,0,0,1370,1370,0
ecdh.c.obj,lib\libmbedtls.a,808,0,0,0,808,808,0
ecdsa.c.obj,lib\libmbedtls.a,1574,17,0,0,1591,1591,0
ecdsa_sm2.c.obj,lib\libmbedtls.a,532,192,4,0,724,728,4
ecp.c.obj,lib\libmbedtls.a,6968,396,0,18,7364,7364,18
ecp_curves.c.obj,lib\libmbedtls.a,5786,2276,28,0,8062,8090,28
entropy.c.obj,lib\libmbedtls.a,690,0,0,0,690,690,0
entropy_poll.c.obj,lib\libmbedtls.a,70,0,0,0,70,70,0
gcm.c.obj,lib\libmbedtls.a,1686,128,0,0,1814,1814,0
havege.c.obj,lib\libmbedtls.a,3632,0,0,0,3632,3632,0
hmac_drbg.c.obj,lib\libmbedtls.a,702,0,0,0,702,702,0
mbed_aes.c.obj,lib\libmbedtls.a,4400,0,0,8748,4400,4400,8748
mbed_debug.c.obj,lib\libmbedtls.a,1406,180,0,4,1586,1586,4
mbed_sha256.c.obj,lib\libmbedtls.a,2408,256,0,0,2664,2664,0
md.c.obj,lib\libmbedtls.a,1096,126,0,0,1222,1222,0
md5.c.obj,lib\libmbedtls.a,2730,0,0,0,2730,2730,0
net_sockets.c.obj,lib\libmbedtls.a,1424,0,0,0,1424,1424,0
oid.c.obj,lib\libmbedtls.a,906,4930,0,0,5836,5836,0
pem.c.obj,lib\libmbedtls.a,1384,150,0,0,1534,1534,0
pk.c.obj,lib\libmbedtls.a,734,27,0,0,761,761,0
pk_wrap.c.obj,lib\libmbedtls.a,714,236,0,0,950,950,0
pkcs12.c.obj,lib\libmbedtls.a,1160,0,0,0,1160,1160,0
pkcs5.c.obj,lib\libmbedtls.a,794,10,0,0,804,804,0
pkparse.c.obj,lib\libmbedtls.a,3438,291,0,0,3729,3729,0
pkwrite.c.obj,lib\libmbedtls.a,520,0,0,0,520,520,0
platform.c.obj,lib\libmbedtls.a,56,0,8,0,56,64,8
platform_util.c.obj,lib\libmbedtls.a,44,0,4,0,44,48,4
poly1305.c.obj,lib\libmbedtls.a,1488,0,0,0,1488,1488,0
ripemd160.c.obj,lib\libmbedtls.a,5804,64,0,0,5868,5868,0
rsa.c.obj,lib\libmbedtls.a,6822,0,0,0,6822,6822,0
rsa_internal.c.obj,lib\libmbedtls.a,1520,55,0,0,1575,1575,0
sha1.c.obj,lib\libmbedtls.a,4512,0,0,0,4512,4512,0
sha512.c.obj,lib\libmbedtls.a,4504,640,0,0,5144,5144,0
ssl_ciphersuites.c.obj,lib\libmbedtls.a,214,10854,0,596,11068,11068,596
ssl_cli.c.obj,lib\libmbedtls.a,11482,5199,0,0,16681,16681,0
ssl_msg.c.obj,lib\libmbedtls.a,15542,7148,0,0,22690,22690,0
ssl_srv.c.obj,lib\libmbedtls.a,11236,4328,0,0,15564,15564,0
ssl_tls.c.obj,lib\libmbedtls.a,13036,2879,51,0,15915,15966,51
timing.c.obj,lib\libmbedtls.a,190,0,0,20,190,190,20
version.c.obj,lib\libmbedtls.a,6,0,0,0,6,6,0
x509.c.obj,lib\libmbedtls.a,2402,64,0,0,2466,2466,0
x509_crt.c.obj,lib\libmbedtls.a,6844,2212,0,0,9056,9056,0
ml.c.obj,lib\libml.a,420,0,0,4,420,420,4
ml_cp936.c.obj,lib\libml.a,216,15920,24,0,16136,16160,24
ml_gsm.c.obj,lib\libml.a,236,532,24,0,768,792,24
ml_ira.c.obj,lib\libml.a,60,0,24,0,60,84,24
ml_iso8859_1.c.obj,lib\libml.a,46,0,24,0,46,70,24
ml_utf16.c.obj,lib\libml.a,300,0,48,0,300,348,48
ml_utf8.c.obj,lib\libml.a,370,0,24,0,370,394,24
pb_common.c.obj,lib\libnanopb.a,204,0,0,0,204,204,0
pb_decode.c.obj,lib\libnanopb.a,2946,361,0,0,3307,3307,0
pb_encode.c.obj,lib\libnanopb.a,1746,193,0,0,1939,1939,0
pb_util.c.obj,lib\libnanopb.a,204,0,0,0,204,204,0
app_tcp_if_open.c.obj,lib\libnet.a,220,6,0,4,226,226,4
cfw_sockets_api.c.obj,lib\libnet.a,3190,0,0,576,3190,3190,576
lwip_data_event.c.obj,lib\libnet.a,484,0,0,8,484,484,8
lwipports.c.obj,lib\libnet.a,946,0,0,24,946,946,24
netdev_interface.c.obj,lib\libnet.a,664,0,44,1,664,708,45
netdev_interface_nat_lan.c.obj,lib\libnet.a,292,0,0,32,292,292,32
netif_gprs.c.obj,lib\libnet.a,3254,33,0,6067,3287,3287,6067
netif_nat_lan_lwip.c.obj,lib\libnet.a,1304,113,0,6048,1417,1417,6048
netif_nat_wan.c.obj,lib\libnet.a,2352,91,0,0,2443,2443,0
netif_psm.c.obj,lib\libnet.a,1624,38,0,4,1662,1662,4
netmain.c.obj,lib\libnet.a,870,88,0,4,958,958,4
netutils.c.obj,lib\libnet.a,134,0,0,0,134,134,0
nonip.c.obj,lib\libnet.a,272,0,0,224,272,272,224
ppp_interface.c.obj,lib\libnet.a,6,0,0,0,6,6,0
nvm.c.obj,lib\libnvm.a,2172,1443,0,0,3615,3615,0
nvm_deltanv.c.obj,lib\libnvm.a,1818,106,0,3,1924,1924,3
nvm_imei.c.obj,lib\libnvm.a,302,0,0,0,302,302,0
quec_customer_cfg.c.obj,lib\liboql_core_drv.a,0,464,62,1,464,526,63
quec_internal_cfg.c.obj,lib\liboql_core_drv.a,0,249,258,0,249,507,258
quec_pin_cfg_EG800G.c.obj,lib\liboql_core_drv.a,0,1187,0,0,1187,1187,0
quec_pin_init.c.obj,lib\liboql_core_drv.a,248,20,0,0,268,268,0
quec_virt_func_bsp.c.obj,lib\liboql_core_virt_func.a,160,0,0,15,160,160,15
quec_virt_func_bt.c.obj,lib\liboql_core_virt_func.a,46,0,0,1,46,46,1
quec_virt_func_modem.c.obj,lib\liboql_core_virt_func.a,102,0,0,5,102,102,5
quec_virt_func_proto_stack.c.obj,lib\liboql_core_virt_func.a,224,0,0,0,224,224,0
base41.c.obj,lib\libosi_core.a,244,70,0,0,314,314,0
cyphertext.c.obj,lib\libosi_core.a,536,19,0,0,555,555,0
osi_mem.c.obj,lib\libosi_core.a,3374,0,0,69,3374,3374,69
osi_timer.c.obj,lib\libosi_core.a,3510,7,0,56,3517,3517,56
osi_blocked_fifo.c.obj,lib\libosi_lib.a,1414,0,0,0,1414,1414,0
osi_event_hub.c.obj,lib\libosi_lib.a,780,70,0,0,850,850,0
osi_fifo.c.obj,lib\libosi_lib.a,302,0,0,0,302,302,0
osi_hdlc.c.obj,lib\libosi_lib.a,658,0,0,0,658,658,0
osi_log.c.obj,lib\libosi_lib.a,1700,55,0,85,1755,1755,85
osi_mem_record.c.obj,lib\libosi_lib.a,72,4,0,8196,76,76,8196
osi_mem_recycler.c.obj,lib\libosi_lib.a,128,0,0,0,128,128,0
osi_order_list.c.obj,lib\libosi_lib.a,530,0,0,0,530,530,0
osi_pipe.c.obj,lib\libosi_lib.a,1206,101,0,0,1307,1307,0
osi_trace.c.obj,lib\libosi_lib.a,1396,0,0,197304,1396,1396,197304
osi_vsmap.c.obj,lib\libosi_lib.a,180,0,0,0,180,180,0
osi_work.c.obj,lib\libosi_lib.a,906,18,0,12,924,924,12
quec_codec_cfg.c.obj,lib\libql_codec_cfg.a,1264,382,772,0,1646,2418,772
event_groups.c.obj,lib\libql_kernel_cfg.a,536,0,0,0,536,536,0
list.c.obj,lib\libql_kernel_cfg.a,132,0,0,0,132,132,0
osi_freertos.c.obj,lib\libql_kernel_cfg.a,2958,85,0,13108,3043,3043,13108
queue.c.obj,lib\libql_kernel_cfg.a,1958,0,0,0,1958,1958,0
tasks.c.obj,lib\libql_kernel_cfg.a,5082,100,4,1276,5182,5186,1280
timers.c.obj,lib\libql_kernel_cfg.a,802,8,0,220,810,810,220
ql_atcmd_handler.c.obj,lib\libql_open_at.a,240,554,0,0,794,794,0
quec_spi_nor_flash_prop.c.obj,lib\libql_spi4_nor_prop.a,24,0,200,0,24,224,200
antiregl.c.obj,lib\librpc_core_modem_lte_lib.a,1732,296,1,4,2028,2029,5
rpc_aud.c.obj,lib\librpc_core_modem_lte_lib.a,60,0,0,0,60,60,0
rpc_daemon.c.obj,lib\librpc_core_modem_lte_lib.a,1640,67,0,8,1707,1707,8
rpc_dispatch_ap.c.obj,lib\librpc_core_modem_lte_lib.a,136,2250,0,0,2386,2386,0
app_tcp_if.c.obj,lib\libsci_netif_core.a,972,0,0,0,972,972,0
async_gethost.c.obj,lib\libsci_netif_core.a,956,0,0,8,956,956,8
async_sock.c.obj,lib\libsci_netif_core.a,136,0,0,0,136,136,0
imsbr_api.c.obj,lib\libsci_netif_core.a,482,29,0,0,511,511,0
srv_fs_trace.c.obj,lib\libservice.a,3486,206,0,20,3692,3692,20
srv_keypad.c.obj,lib\libservice.a,696,0,0,4,696,696,4
srv_pm.c.obj,lib\libservice.a,1526,76,0,5,1602,1602,5
srv_pm_main.c.obj,lib\libservice.a,112,0,0,4,112,112,4
srv_rc26m_calib.c.obj,lib\libservice.a,228,114,0,4,342,342,4
srv_sim_detect.c.obj,lib\libservice.a,812,108,0,48,920,920,48
srv_usb_8850.c.obj,lib\libservice.a,116,0,0,0,116,116,0
srv_wdt.c.obj,lib\libservice.a,176,0,8,0,176,184,8
antiaes.c.obj,lib\libsffs_core.a,12,256,0,0,268,268,0
LzFind.c.obj,lib\libsffs_core.a,3142,0,0,0,3142,3142,0
LzmaEnc.c.obj,lib\libsffs_core.a,9256,192,0,0,9448,9448,0
lzmar.c.obj,lib\libsffs_core.a,274,0,12,0,274,286,12
sffs.c.obj,lib\libsffs_core.a,10862,0,0,0,10862,10862,0
sm4.c.obj,lib\libsffs_core.a,670,384,0,0,1054,1054,0
aes.c.obj,lib\libsimlock_core.a,2624,0,0,8748,2624,2624,8748
bignum.c.obj,lib\libsimlock_core.a,6016,0,0,0,6016,6016,0
sfunc.c.obj,lib\libsimlock_core.a,236,119,0,0,355,355,0
sha256.c.obj,lib\libsimlock_core.a,7626,0,64,0,7626,7690,64
simlock.c.obj,lib\libsimlock_core.a,2232,1408,1,50,3640,3641,51
simlock_pubkey.c.obj,lib\libsimlock_core.a,236,102,5328,0,338,5666,5328
unisrsa.c.obj,lib\libsimlock_core.a,1452,55,0,0,1507,1507,0
vsi_lib_amrnb_sym_file.o,lib\libvsi_amrnb.a,70640,33517,0,0,104157,104157,0
_cfsm_answered.o,lib\modem_lte_lib.a,398,116,0,0,514,514,0
_cfsm_dialing.o,lib\modem_lte_lib.a,382,29,0,0,411,411,0
_cfsm_hanging_up.o,lib\modem_lte_lib.a,64,32,0,0,96,96,0
_cfsm_in_call.o,lib\modem_lte_lib.a,2028,409,0,0,2437,2437,0
_cfsm_in_cs_conf.o,lib\modem_lte_lib.a,388,73,0,0,461,461,0
_cfsm_in_ims_conf.o,lib\modem_lte_lib.a,620,103,0,0,723,723,0
_cfsm_in_ip_conf.o,lib\modem_lte_lib.a,782,107,0,0,889,889,0
_cfsm_initializing.o,lib\modem_lte_lib.a,1186,48,0,0,1234,1234,0
_cfsm_on_hold_local.o,lib\modem_lte_lib.a,1794,106,0,0,1900,1900,0
_cfsm_reset.o,lib\modem_lte_lib.a,228,41,0,0,269,269,0
_cfsm_ringing.o,lib\modem_lte_lib.a,734,223,0,0,957,957,0
_cfsm_terminated.o,lib\modem_lte_lib.a,822,279,0,0,1101,1101,0
_cfsm_trying.o,lib\modem_lte_lib.a,2230,720,0,0,2950,2950,0
_cfsm_waiting.o,lib\modem_lte_lib.a,652,187,0,0,839,839,0
_csm_calls.o,lib\modem_lte_lib.a,18182,5669,4,5,23851,23855,9
_csm_isi.o,lib\modem_lte_lib.a,1488,414,0,0,1902,1902,0
_csm_isi_call.o,lib\modem_lte_lib.a,3244,4081,0,0,7325,7325,0
_csm_isi_service.o,lib\modem_lte_lib.a,5498,2235,0,0,7733,7733,0
_csm_isi_sms.o,lib\modem_lte_lib.a,320,66,0,0,386,386,0
_csm_isi_tel.o,lib\modem_lte_lib.a,464,53,0,0,517,517,0
_csm_isi_ussd.o,lib\modem_lte_lib.a,160,29,0,0,189,189,0
_csm_print.o,lib\modem_lte_lib.a,176,5607,0,0,5783,5783,0
_csm_radio_policy.o,lib\modem_lte_lib.a,676,328,0,0,1004,1004,0
_csm_response.o,lib\modem_lte_lib.a,1338,544,0,0,1882,1882,0
_csm_service.o,lib\modem_lte_lib.a,7714,2128,0,0,9842,9842,0
_csm_sms.o,lib\modem_lte_lib.a,3890,1129,0,0,5019,5019,0
_csm_supsrv.o,lib\modem_lte_lib.a,3926,1732,0,152,5658,5658,152
_csm_task.o,lib\modem_lte_lib.a,508,169,0,0,677,677,0
_csm_ussd.o,lib\modem_lte_lib.a,1416,610,0,0,2026,2026,0
_csm_utils.o,lib\modem_lte_lib.a,1242,212,0,0,1454,1454,0
_ezxml_list.o,lib\modem_lte_lib.a,196,123,0,0,319,319,0
_fsm_active.o,lib\modem_lte_lib.a,540,125,0,0,665,665,0
_fsm_authFail.o,lib\modem_lte_lib.a,210,99,0,0,309,309,0
_fsm_error.o,lib\modem_lte_lib.a,294,62,0,0,356,356,0
_fsm_login.o,lib\modem_lte_lib.a,284,66,0,0,350,350,0
_fsm_logout.o,lib\modem_lte_lib.a,222,72,0,0,294,294,0
_fsm_reset.o,lib\modem_lte_lib.a,336,192,0,0,528,528,0
_isi_call.o,lib\modem_lte_lib.a,9654,2176,0,0,11830,11830,0
_isi_conf.o,lib\modem_lte_lib.a,54,0,0,0,54,54,0
_isi_db.o,lib\modem_lte_lib.a,4470,139,240,394,4609,4849,634
_isi_dbg.o,lib\modem_lte_lib.a,968,6128,0,0,7096,7096,0
_isi_evt.o,lib\modem_lte_lib.a,416,10,0,0,426,426,0
_isi_file.o,lib\modem_lte_lib.a,328,113,0,0,441,441,0
_isi_gchat.o,lib\modem_lte_lib.a,760,97,0,0,857,857,0
_isi_media.o,lib\modem_lte_lib.a,472,319,0,0,791,791,0
_isi_msg.o,lib\modem_lte_lib.a,3446,156,0,0,3602,3602,0
_isi_port.o,lib\modem_lte_lib.a,52,0,0,0,52,52,0
_isi_pres.o,lib\modem_lte_lib.a,432,119,0,0,551,551,0
_isi_queue.o,lib\modem_lte_lib.a,330,76,0,24,406,406,24
_isi_service.o,lib\modem_lte_lib.a,508,76,0,0,584,584,0
_isi_sys.o,lib\modem_lte_lib.a,328,147,0,0,475,475,0
_isi_text.o,lib\modem_lte_lib.a,594,0,0,0,594,594,0
_isi_ussd.o,lib\modem_lte_lib.a,432,174,0,0,606,606,0
_isi_xml.o,lib\modem_lte_lib.a,628,99,0,0,727,727,0
_mc.o,lib\modem_lte_lib.a,7866,1988,0,4,9854,9854,4
_mc_hw.o,lib\modem_lte_lib.a,92,83,0,0,175,175,0
_mc_lipsync.o,lib\modem_lte_lib.a,148,150,0,0,298,298,0
_mc_tone.o,lib\modem_lte_lib.a,84,0,0,0,84,84,0
_mns.o,lib\modem_lte_lib.a,1442,944,0,0,2386,2386,0
_mns_neg.o,lib\modem_lte_lib.a,5990,2723,0,0,8713,8713,0
_mns_precondition.o,lib\modem_lte_lib.a,1796,401,0,0,2197,2197,0
_mns_session_attr.o,lib\modem_lte_lib.a,1150,365,0,0,1515,1515,0
_pdu_hlpr.o,lib\modem_lte_lib.a,562,157,0,0,719,719,0
_rfsm_cs.o,lib\modem_lte_lib.a,154,51,0,0,205,205,0
_rfsm_lte.o,lib\modem_lte_lib.a,172,52,0,0,224,224,0
_rfsm_none.o,lib\modem_lte_lib.a,152,52,0,0,204,204,0
_rfsm_wifi.o,lib\modem_lte_lib.a,162,53,0,0,215,215,0
_rpm.o,lib\modem_lte_lib.a,1186,166,0,8,1352,1352,8
_rpm_utils.o,lib\modem_lte_lib.a,1468,216,0,0,1684,1684,0
_sapp.o,lib\modem_lte_lib.a,8394,2087,0,2056,10481,10481,2056
_sapp_call_settings.o,lib\modem_lte_lib.a,632,333,160,0,965,1125,160
_sapp_capabilities.o,lib\modem_lte_lib.a,1194,13105,0,0,14299,14299,0
_sapp_coder_helper.o,lib\modem_lte_lib.a,11478,4314,0,0,15792,15792,0
_sapp_conf.o,lib\modem_lte_lib.a,644,349,0,0,993,993,0
_sapp_cpim_page.o,lib\modem_lte_lib.a,3204,944,0,0,4148,4148,0
_sapp_dialog.o,lib\modem_lte_lib.a,29296,6465,0,30888,35761,35761,30888
_sapp_emergency.o,lib\modem_lte_lib.a,1262,291,0,0,1553,1553,0
_sapp_im_page.o,lib\modem_lte_lib.a,2782,277,0,0,3059,3059,0
_sapp_ipsec.o,lib\modem_lte_lib.a,2912,830,24,6,3742,3766,30
_sapp_mwi.o,lib\modem_lte_lib.a,1124,339,0,0,1463,1463,0
_sapp_parse_helper.o,lib\modem_lte_lib.a,2900,1223,0,0,4123,4123,0
_sapp_radio_update.o,lib\modem_lte_lib.a,912,203,0,0,1115,1115,0
_sapp_reg.o,lib\modem_lte_lib.a,11924,2292,0,0,14216,14216,0
_sapp_te.o,lib\modem_lte_lib.a,1116,189,0,0,1305,1305,0
_sapp_ussd.o,lib\modem_lte_lib.a,2756,703,0,0,3459,3459,0
_sapp_xml.o,lib\modem_lte_lib.a,2750,1138,0,0,3888,3888,0
_sip_callback.o,lib\modem_lte_lib.a,1710,1097,0,0,2807,2807,0
_sip_client.o,lib\modem_lte_lib.a,3328,1233,0,4,4561,4561,4
_sip_descr.o,lib\modem_lte_lib.a,8154,5199,0,19984,13353,13353,19984
_sip_drvr.o,lib\modem_lte_lib.a,372,244,0,12,616,616,12
_sip_fsm.o,lib\modem_lte_lib.a,12486,5470,0,1280,17956,17956,1280
_sip_helpers.o,lib\modem_lte_lib.a,6300,1328,0,23544,7628,7628,23544
_sip_rsrc.o,lib\modem_lte_lib.a,48,0,0,0,48,48,0
_sip_server.o,lib\modem_lte_lib.a,3418,1850,0,68,5268,5268,68
_supsrv.o,lib\modem_lte_lib.a,15082,3645,0,428,18727,18727,428
_vpr.o,lib\modem_lte_lib.a,88,25,0,4,113,113,4
_vtsp_cmd.o,lib\modem_lte_lib.a,60,16,0,0,76,76,0
_vtsp_init.o,lib\modem_lte_lib.a,52,0,0,4,52,52,4
_vtsp_map.o,lib\modem_lte_lib.a,12,0,0,0,12,12,0
_vtsp_stream.o,lib\modem_lte_lib.a,58,6,0,0,64,64,0
_vtspr_cmd.o,lib\modem_lte_lib.a,3222,2515,0,0,5737,5737,0
_vtspr_coder.o,lib\modem_lte_lib.a,1276,593,0,0,1869,1869,0
_vtspr_coder_amr.o,lib\modem_lte_lib.a,1692,387,8208,0,2079,10287,8208
_vtspr_coder_evs.o,lib\modem_lte_lib.a,1908,387,0,0,2295,2295,0
_vtspr_default.o,lib\modem_lte_lib.a,12,0,0,0,12,12,0
_vtspr_event.o,lib\modem_lte_lib.a,488,0,0,0,488,488,0
_vtspr_map.o,lib\modem_lte_lib.a,182,0,0,0,182,182,0
_vtspr_net.o,lib\modem_lte_lib.a,1564,912,0,0,2476,2476,0
_vtspr_rtcp.o,lib\modem_lte_lib.a,304,136,0,0,440,440,0
_vtspr_rtcp_close.o,lib\modem_lte_lib.a,52,81,0,0,133,133,0
_vtspr_rtcp_init.o,lib\modem_lte_lib.a,22,0,0,0,22,22,0
_vtspr_rtcp_open.o,lib\modem_lte_lib.a,216,259,0,0,475,475,0
_vtspr_rtcp_recv.o,lib\modem_lte_lib.a,640,435,0,0,1075,1075,0
_vtspr_rtcp_send.o,lib\modem_lte_lib.a,1538,331,0,0,1869,1869,0
_vtspr_rtp_init.o,lib\modem_lte_lib.a,30,0,0,0,30,30,0
_vtspr_rtp_open.o,lib\modem_lte_lib.a,372,253,0,0,625,625,0
_vtspr_rtp_recv.o,lib\modem_lte_lib.a,172,121,0,0,293,293,0
_vtspr_rtp_send.o,lib\modem_lte_lib.a,404,148,0,0,552,552,0
_vtspr_rtp_shutdown.o,lib\modem_lte_lib.a,52,41,0,0,93,93,0
_vtspr_stream.o,lib\modem_lte_lib.a,924,194,0,7,1118,1118,7
_vtspr_time.o,lib\modem_lte_lib.a,404,87,0,0,491,491,0
_xcap_cmd.o,lib\modem_lte_lib.a,144,46,0,0,190,190,0
_xcap_cmd_gaa.o,lib\modem_lte_lib.a,184,50,0,0,234,234,0
_xcap_task.o,lib\modem_lte_lib.a,872,284,0,8,1156,1156,8
_xcap_xact.o,lib\modem_lte_lib.a,990,63,0,0,1053,1053,0
_xcap_xact_gaa.o,lib\modem_lte_lib.a,1014,16,0,0,1030,1030,0
api.o,lib\modem_lte_lib.a,1840,16,0,2328,1856,1856,2328
api_capa.o,lib\modem_lte_lib.a,1044,0,0,126,1044,1044,126
api_evt.o,lib\modem_lte_lib.a,2360,11171,0,0,13531,13531,0
api_fsm.o,lib\modem_lte_lib.a,0,699,32,0,699,731,32
api_gene.o,lib\modem_lte_lib.a,2600,33,0,0,2633,2633,0
api_out.o,lib\modem_lte_lib.a,312,0,0,0,312,312,0
api_tran.o,lib\modem_lte_lib.a,20964,14,0,42,20978,20978,42
api_util.o,lib\modem_lte_lib.a,180,0,0,0,180,180,0
asn20mem.o,lib\modem_lte_lib.a,4,0,0,0,4,4,0
auth_b64.o,lib\modem_lte_lib.a,536,144,0,0,680,680,0
auth_digcalc.o,lib\modem_lte_lib.a,664,18,0,0,682,682,0
auth_md5.o,lib\modem_lte_lib.a,2004,0,64,0,2004,2068,64
cfsm_base.o,lib\modem_lte_lib.a,7570,3417,0,0,10987,10987,0
comm.o,lib\modem_lte_lib.a,746,3072,0,0,3818,3818,0
csm_main.o,lib\modem_lte_lib.a,856,115,0,8,971,971,8
deltanv.o,lib\modem_lte_lib.a,1508,13,0,16,1521,1521,16
dsp_extern.o,lib\modem_lte_lib.a,2156,911,4,748,3067,3071,752
eas_pub_dba.o,lib\modem_lte_lib.a,318,0,0,0,318,318,0
eas_pub_osi_wrap.o,lib\modem_lte_lib.a,74,0,0,0,74,74,0
ezxml.o,lib\modem_lte_lib.a,7250,738,44,4,7988,8032,48
ezxml_mem.o,lib\modem_lte_lib.a,710,180,144,1,890,1034,145
fsm.o,lib\modem_lte_lib.a,1954,0,0,0,1954,1954,0
fsm_2g.o,lib\modem_lte_lib.a,446,27,0,0,473,473,0
fsm_base.o,lib\modem_lte_lib.a,778,592,0,0,1370,1370,0
gaa.o,lib\modem_lte_lib.a,1446,651,0,0,2097,2097,0
gba.o,lib\modem_lte_lib.a,3702,1493,5,8,5195,5200,13
gbam.o,lib\modem_lte_lib.a,548,172,0,8,720,720,8
hal_cp_ifc.o,lib\modem_lte_lib.a,392,0,0,4,392,392,4
hal_cq_f8.o,lib\modem_lte_lib.a,1102,96,16,28,1198,1214,44
hal_lps_lte1slp.o,lib\modem_lte_lib.a,76,0,0,0,76,76,0
hal_lps_lte2slp.o,lib\modem_lte_lib.a,80,0,0,0,80,80,0
hal_sim.o,lib\modem_lte_lib.a,3692,73,16,144,3765,3781,160
hal_timer.o,lib\modem_lte_lib.a,8,0,0,0,8,8,0
http_daps.o,lib\modem_lte_lib.a,4082,2613,0,141,6695,6695,141
http_util.o,lib\modem_lte_lib.a,492,67,0,0,559,559,0
ims_general.o,lib\modem_lte_lib.a,718,2327,513,88,3045,3558,601
ims_manage.o,lib\modem_lte_lib.a,138,0,0,0,138,138,0
ims_nv.o,lib\modem_lte_lib.a,464,88,0,1675,552,552,1675
ims_service.o,lib\modem_lte_lib.a,1336,620,0,3160,1956,1956,3160
isi.o,lib\modem_lte_lib.a,12972,799,0,20,13771,13771,20
jb_get.o,lib\modem_lte_lib.a,776,567,0,0,1343,1343,0
jb_init.o,lib\modem_lte_lib.a,502,90,8,0,592,600,8
jb_put.o,lib\modem_lte_lib.a,2108,931,0,0,3039,3039,0
jb_stats.o,lib\modem_lte_lib.a,32,0,0,0,32,32,0
jb_util.o,lib\modem_lte_lib.a,492,231,0,282,723,723,282
lcr_nas.o,lib\modem_lte_lib.a,197784,1179,667,17844,198963,199630,18511
lte_rco.o,lib\modem_lte_lib.a,2830,611,0,633,3441,3441,633
lte_rrc_wb.o,lib\modem_lte_lib.a,222736,5536,288,659,228272,228560,947
mc_main.o,lib\modem_lte_lib.a,1724,568,1,4,2292,2293,5
md_ipc_func.o,lib\modem_lte_lib.a,2414,73,16,178152,2487,2503,178168
milenage.o,lib\modem_lte_lib.a,690,0,0,0,690,690,0
mns.o,lib\modem_lte_lib.a,3076,1467,0,0,4543,4543,0
mssc.o,lib\modem_lte_lib.a,254,16,0,49,270,270,49
mssc_busy.o,lib\modem_lte_lib.a,44,0,0,0,44,44,0
mssc_evt.o,lib\modem_lte_lib.a,128,297,0,0,425,425,0
mssc_fsm.o,lib\modem_lte_lib.a,0,135,16,0,135,151,16
mssc_func.o,lib\modem_lte_lib.a,1344,45,0,0,1389,1389,0
mssc_gene.o,lib\modem_lte_lib.a,204,0,0,0,204,204,0
mssc_idle.o,lib\modem_lte_lib.a,96,0,0,0,96,96,0
mssc_out.o,lib\modem_lte_lib.a,120,45,0,0,165,165,0
nvm_delta_nv.o,lib\modem_lte_lib.a,1184,55,0,1233,1239,1239,1233
nvm_v2.o,lib\modem_lte_lib.a,188,25,0,0,213,213,0
osal_crypto.o,lib\modem_lte_lib.a,276,0,0,0,276,276,0
osal_ipsec.o,lib\modem_lte_lib.a,500,267,0,0,767,767,0
osal_log.o,lib\modem_lte_lib.a,926,6378,1360,0,7304,8664,1360
osal_mem.o,lib\modem_lte_lib.a,468,0,0,0,468,468,0
osal_msg.o,lib\modem_lte_lib.a,900,63,0,1024,963,963,1024
osal_net.o,lib\modem_lte_lib.a,2588,664,0,344,3252,3252,344
osal_random.o,lib\modem_lte_lib.a,400,96,0,32,496,496,32
osal_select.o,lib\modem_lte_lib.a,150,104,0,0,254,254,0
osal_sem.o,lib\modem_lte_lib.a,138,9,0,0,147,147,0
osal_string.o,lib\modem_lte_lib.a,596,18,0,0,614,614,0
osal_stub.o,lib\modem_lte_lib.a,42,0,0,0,42,42,0
osal_sys.o,lib\modem_lte_lib.a,2228,182,0,224,2410,2410,224
osal_task.o,lib\modem_lte_lib.a,154,0,0,0,154,154,0
osal_time.o,lib\modem_lte_lib.a,1242,328,0,12,1570,1570,12
osal_tmr.o,lib\modem_lte_lib.a,282,48,0,4,330,330,4
osi_timer_new.o,lib\modem_lte_lib.a,660,0,0,0,660,660,0
pal_imei.o,lib\modem_lte_lib.a,244,36,0,36,280,280,36
pal_sim.o,lib\modem_lte_lib.a,822,49,18,33,871,889,51
pdu_3gpp.o,lib\modem_lte_lib.a,1800,1057,0,0,2857,2857,0
pdu_3gpp2.o,lib\modem_lte_lib.a,2580,840,0,0,3420,3420,0
pdu_hlpr.o,lib\modem_lte_lib.a,124,17,0,0,141,141,0
pduconv.o,lib\modem_lte_lib.a,718,0,1024,0,718,1742,1024
ps_data_link.o,lib\modem_lte_lib.a,708,0,0,0,708,708,0
rfsm_base.o,lib\modem_lte_lib.a,98,37,0,0,135,135,0
rijndael.o,lib\modem_lte_lib.a,2504,8192,40,176,10696,10736,216
rtos02_ps.o,lib\modem_lte_lib.a,5196,870,0,0,6066,6066,0
rtp.o,lib\modem_lte_lib.a,1680,698,0,0,2378,2378,0
sap_main.o,lib\modem_lte_lib.a,422,99,0,9,521,521,9
sap_stack_cust.o,lib\modem_lte_lib.a,8,2,64,132,10,74,196
sap_usr.o,lib\modem_lte_lib.a,124,0,0,0,124,124,0
sapp_main.o,lib\modem_lte_lib.a,3640,1085,0,68512,4725,4725,68512
sdp_coder.o,lib\modem_lte_lib.a,5666,908,0,0,6574,6574,0
sim.o,lib\modem_lte_lib.a,1452,299,0,6232,1751,1751,6232
sim_evt.o,lib\modem_lte_lib.a,16,815,0,0,831,831,0
sim_proc.o,lib\modem_lte_lib.a,7708,39,10,5,7747,7757,15
sim_prot.o,lib\modem_lte_lib.a,12568,120,2737,276,12688,15425,3013
sip_app.o,lib\modem_lte_lib.a,210,74,0,0,284,284,0
sip_auth.o,lib\modem_lte_lib.a,1756,126,0,0,1882,1882,0
sip_clib.o,lib\modem_lte_lib.a,100,0,0,4,100,100,4
sip_debug.o,lib\modem_lte_lib.a,160,73,180,4,233,413,184
sip_dec.o,lib\modem_lte_lib.a,11576,4427,0,0,16003,16003,0
sip_dialog.o,lib\modem_lte_lib.a,9298,3581,0,4,12879,12879,4
sip_enc.o,lib\modem_lte_lib.a,7116,5245,0,0,12361,12361,0
sip_endpt.o,lib\modem_lte_lib.a,364,0,0,0,364,364,0
sip_hdrflds.o,lib\modem_lte_lib.a,2314,215,0,0,2529,2529,0
sip_list.o,lib\modem_lte_lib.a,1008,403,0,0,1411,1411,0
sip_mem.o,lib\modem_lte_lib.a,1648,352,0,0,2000,2000,0
sip_mem_pool.o,lib\modem_lte_lib.a,722,30,800,4,752,1552,804
sip_msgcodes.o,lib\modem_lte_lib.a,366,1817,0,0,2183,2183,0
sip_port.o,lib\modem_lte_lib.a,30,0,0,0,30,30,0
sip_sdp_dec.o,lib\modem_lte_lib.a,8404,4131,1452,0,12535,13987,1452
sip_sdp_enc.o,lib\modem_lte_lib.a,4372,3559,372,0,7931,8303,372
sip_sdp_mem.o,lib\modem_lte_lib.a,712,176,420,0,888,1308,420
sip_session.o,lib\modem_lte_lib.a,7936,1759,0,0,9695,9695,0
sip_sys.o,lib\modem_lte_lib.a,806,366,208,1256,1172,1380,1464
sip_timers.o,lib\modem_lte_lib.a,452,245,0,8,697,697,8
sip_token.o,lib\modem_lte_lib.a,1436,259,0,0,1695,1695,0
sip_tu.o,lib\modem_lte_lib.a,328,250,0,0,578,578,0
sip_ua.o,lib\modem_lte_lib.a,12176,4469,0,128,16645,16645,128
sip_voipnet.o,lib\modem_lte_lib.a,278,0,0,0,278,278,0
sip_xact.o,lib\modem_lte_lib.a,8978,4788,864,20,13766,14630,884
sip_xport.o,lib\modem_lte_lib.a,1966,592,0,2096,2558,2558,2096
sit00.o,lib\modem_lte_lib.a,60,0,0,0,60,60,0
smc_fsm.o,lib\modem_lte_lib.a,0,807,64,0,807,871,64
smc_proc.o,lib\modem_lte_lib.a,6416,0,0,0,6416,6416,0
smc_uti.o,lib\modem_lte_lib.a,424,30,0,0,454,454,0
smr_fsm.o,lib\modem_lte_lib.a,0,608,64,0,608,672,64
smr_proc.o,lib\modem_lte_lib.a,3236,0,0,0,3236,3236,0
smr_uti.o,lib\modem_lte_lib.a,1030,0,0,0,1030,1030,0
sms.o,lib\modem_lte_lib.a,648,16,0,274,664,664,274
sms_evt.o,lib\modem_lte_lib.a,16,1377,0,0,1393,1393,0
sms_out.o,lib\modem_lte_lib.a,524,4,0,0,528,528,0
sms_rout.o,lib\modem_lte_lib.a,1232,0,0,0,1232,1232,0
supsrv.o,lib\modem_lte_lib.a,4012,1833,0,8168,5845,5845,8168
sxr_mem.o,lib\modem_lte_lib.a,220,0,0,0,220,220,0
sxr_mutx.o,lib\modem_lte_lib.a,448,0,0,0,448,448,0
sxr_queu.o,lib\modem_lte_lib.a,1606,0,0,487,1606,1606,487
sxr_sbx.o,lib\modem_lte_lib.a,840,39,0,0,879,879,0
sxr_tim.o,lib\modem_lte_lib.a,1216,69,0,12,1285,1285,12
sxr_tksd.o,lib\modem_lte_lib.a,168,17,0,0,185,185,0
sxs_io_ap.o,lib\modem_lte_lib.a,56,33,0,0,89,89,0
sxs_mem.o,lib\modem_lte_lib.a,2,0,0,0,2,2,0
sxs_mutx.o,lib\modem_lte_lib.a,222,0,0,76,222,222,76
sxs_sbx.o,lib\modem_lte_lib.a,296,55,0,256,351,351,256
sxs_tim.o,lib\modem_lte_lib.a,44,0,0,320,44,44,320
sxs_tksd.o,lib\modem_lte_lib.a,234,64,0,485,298,298,485
tgl00pub.o,lib\modem_lte_lib.a,240,0,24,12392,240,264,12416
tgl00pub_init_ap.o,lib\modem_lte_lib.a,670,128,0,4,798,798,4
tgl00pub_ps.o,lib\modem_lte_lib.a,2330,633,0,0,2963,2963,0
tgl_ps_var.o,lib\modem_lte_lib.a,0,8,0,1581,8,8,1581
threadx_os.o,lib\modem_lte_lib.a,660,25,0,604,685,685,604
tra15_ap.o,lib\modem_lte_lib.a,202,7,0,0,209,209,0
usim_prot.o,lib\modem_lte_lib.a,2494,0,0,0,2494,2494,0
utf8_decode.o,lib\modem_lte_lib.a,252,0,0,0,252,252,0
utf8_to_utf16.o,lib\modem_lte_lib.a,96,0,0,0,96,96,0
vtsp_event.o,lib\modem_lte_lib.a,12,0,0,0,12,12,0
vtsp_manage.o,lib\modem_lte_lib.a,440,304,0,0,744,744,0
vtsp_rt_dr.o,lib\modem_lte_lib.a,702,206,0,0,908,908,0
vtsp_rtcp.o,lib\modem_lte_lib.a,80,0,0,0,80,80,0
vtsp_stream.o,lib\modem_lte_lib.a,708,6,0,0,714,714,0
vtsp_stream_video.o,lib\modem_lte_lib.a,776,455,0,0,1231,1231,0
vtspr.o,lib\modem_lte_lib.a,1804,1272,0,16,3076,3076,16
vtspr_recv.o,lib\modem_lte_lib.a,80,105,0,0,185,185,0
vtspr_send.o,lib\modem_lte_lib.a,100,173,0,0,273,273,0
vtspr_task.o,lib\modem_lte_lib.a,412,168,0,0,580,580,0
xcap.o,lib\modem_lte_lib.a,240,64,0,7500,304,304,7500
xcap_helper.o,lib\modem_lte_lib.a,1036,117,0,0,1153,1153,0
asm_CVSI_max_abs.o,lib\cvs.a,0,0,0,0,0,0,0
asm_CVSI_movDC.o,lib\cvs.a,0,0,0,0,0,0,0
asm_CVSI_MOVE_S2L.o,lib\cvs.a,0,0,0,0,0,0,0
asm_CVSI_sum.o,lib\cvs.a,0,0,0,0,0,0,0
asm_div32fs.o,lib\cvs.a,0,0,0,0,0,0,0
asm_DUAL_VAD_SUB.o,lib\cvs.a,0,0,0,0,0,0,0
asm_int_log2.o,lib\cvs.a,0,0,0,0,0,0,0
asm_MONO_VAD_SUB.o,lib\cvs.a,0,0,0,0,0,0,0
asm_polar2xy.o,lib\cvs.a,0,0,0,0,0,0,0
asm_syn_windowing.o,lib\cvs.a,0,0,0,0,0,0,0
asm_xy2ap.o,lib\cvs.a,0,0,0,0,0,0,0
asm_CVSI_chnDif.o,lib\cvs.a,0,0,0,0,0,0,0
asm_CVSI_ErrConv.o,lib\cvs.a,0,0,0,0,0,0,0
asm_CVSI_spec_smooth.o,lib\cvs.a,0,0,0,0,0,0,0
asm_ERWDAF.o,lib\cvs.a,0,0,0,0,0,0,0
asm_xy2am.o,lib\cvs.a,0,0,0,0,0,0,0
fft4_last_loop.o,lib\cvs.a,0,0,0,0,0,0,0
fft4_loop.o,lib\cvs.a,0,0,0,0,0,0,0
fft_inv_rec.o,lib\cvs.a,0,0,0,0,0,0,0
fft_inv_win.o,lib\cvs.a,0,0,0,0,0,0,0
fft_last_loop.o,lib\cvs.a,0,0,0,0,0,0,0
ifft4_last_loop.o,lib\cvs.a,0,0,0,0,0,0,0
ifft4_loop.o,lib\cvs.a,0,0,0,0,0,0,0
ifft_inv_rec.o,lib\cvs.a,0,0,0,0,0,0,0
ifft_last_loop.o,lib\cvs.a,0,0,0,0,0,0,0
rfft.o,lib\cvs.a,0,0,0,0,0,0,0
asm_CVSI_max_abs_recd.o,lib\cvsrecd.a,0,0,0,0,0,0,0
asm_CVSI_movDC_recd.o,lib\cvsrecd.a,0,0,0,0,0,0,0
asm_CVSI_MOVE_S2L_recd.o,lib\cvsrecd.a,0,0,0,0,0,0,0
asm_CVSI_sum_recd.o,lib\cvsrecd.a,0,0,0,0,0,0,0
asm_div32fs_recd.o,lib\cvsrecd.a,0,0,0,0,0,0,0
asm_int_log2_recd.o,lib\cvsrecd.a,0,0,0,0,0,0,0
asm_MONO_VAD_SUB_recd.o,lib\cvsrecd.a,0,0,0,0,0,0,0
asm_polar2xy_recd.o,lib\cvsrecd.a,0,0,0,0,0,0,0
asm_syn_windowing_recd.o,lib\cvsrecd.a,0,0,0,0,0,0,0
asm_xy2ap_recd.o,lib\cvsrecd.a,0,0,0,0,0,0,0
asm_FD_CONV_recd.o,lib\cvsrecd.a,0,0,0,0,0,0,0
fft4_last_loop_recd.o,lib\cvsrecd.a,0,0,0,0,0,0,0
fft4_loop_recd.o,lib\cvsrecd.a,0,0,0,0,0,0,0
fft_inv_rec_recd.o,lib\cvsrecd.a,0,0,0,0,0,0,0
fft_inv_win_recd.o,lib\cvsrecd.a,0,0,0,0,0,0,0
fft_last_loop_recd.o,lib\cvsrecd.a,0,0,0,0,0,0,0
ifft4_last_loop_recd.o,lib\cvsrecd.a,0,0,0,0,0,0,0
ifft4_loop_recd.o,lib\cvsrecd.a,0,0,0,0,0,0,0
ifft_inv_rec_recd.o,lib\cvsrecd.a,0,0,0,0,0,0,0
ifft_last_loop_recd.o,lib\cvsrecd.a,0,0,0,0,0,0,0
rfft_recd.o,lib\cvsrecd.a,0,0,0,0,0,0,0
CVS_data.o,lib\cvs.a,0,0,26496,640,0,26496,27136
lib_a-environ.o,..\..\components\newlib\newlib-3.1.0\armca5\libc.a,0,0,4,4,0,4,8
CVS_data_recd.o,lib\cvsrecd.a,0,0,36388,0,0,36388,36388
quec_boot_pin_map.c.obj,lib\libboot_ex_ql_pin.a,0,0,248,1,0,248,249
panel_desc.c.obj,lib\liblcdpanel.a,0,0,12,0,0,12,12
ql_freertos_config.c.obj,lib\libql_kernel_cfg.a,0,0,2,0,0,2,2
xcap_resources.o,lib\modem_lte_lib.a,0,0,2396,0,0,2396,2396
hal_build_revision.c.obj,lib\libhal.a,0,0,46,0,0,46,46
quec_fatfs_mpal.c.obj,..\..\components\ql-kernel\libs\libql_fatfs_ex.a,0,0,0,8,0,0,8
vectors.S.obj,lib\libql_kernel_cfg.a,0,0,0,0,0,0,0
